"","names","id"
"1","Mahmoud Abdul Rauf","mahmoud-abdul-rauf-2"
"2","Tariq Abdul","tariq-abdul-wahad-1"
"3","Shareef Abdur","shareef-abdur-rahim-1"
"4","Ìlex Abrines","Ìlex-abrines-1"
"5","Alex Acker","alex-acker-1"
"6","Quincy Acy","quincy-acy-1"
"7","Hassan Adams","hassan-adams-1"
"8","Jaylen Adams","jaylen-adams-1"
"9","Jordan Adams","jordan-adams-1"
"10","Michael Adams","michael-adams-1"
"11","Steven Adams","steven-adams-1"
"12","Rafael Addison","rafael-addison-1"
"13","Bam Adebayo","bam-adebayo-1"
"14","Deng Adel","deng-adel-1"
"15","Jeff Adrien","jeff-adrien-1"
"16","Arron Afflalo","arron-afflalo-1"
"17","Maurice Ager","maurice-ager-1"
"18","Blake Ahearn","blake-ahearn-1"
"19","Alexis Ajinça","alexis-ajinça-1"
"20","Josh Akognon","josh-akognon-1"
"21","Devaughn Akoon","devaughn-akoon-purcell-1"
"22","Solomon Alabi","solomon-alabi-1"
"23","Furkan Aldemir","furkan-aldemir-1"
"24","Cole Aldrich","cole-aldrich-1"
"25","Lamarcus Aldridge","lamarcus-aldridge-1"
"26","Cliff Alexander","cliff-alexander-1"
"27","Cory Alexander","cory-alexander-1"
"28","Courtney Alexander","courtney-alexander-2"
"29","Joe Alexander","joe-alexander-1"
"30","Kyle Alexander","kyle-alexander-1"
"31","Victor Alexander","victor-alexander-1"
"32","Nickeil Alexander","nickeil-alexander-walker-1"
"33","Rawle Alkins","rawle-alkins-1"
"34","Grayson Allen","grayson-allen-1"
"35","Jarrett Allen","jarrett-allen-1"
"36","Jerome Allen","jerome-allen-1"
"37","Kadeem Allen","kadeem-allen-1"
"38","Lavoy Allen","lavoy-allen-1"
"39","Malik Allen","malik-allen-1"
"40","Ray Allen","ray-allen-2"
"41","Tony Allen","tony-allen-1"
"42","Lance Allred","lance-allred-1"
"43","Morris Almond","morris-almond-1"
"44","Derrick Alston","derrick-alston-1"
"45","Rafer Alston","rafer-alston-1"
"46","Peter Aluma","peter-aluma-1"
"47","John Amaechi","john-amaechi-1"
"48","Ashraf Amaya","ashraf-amaya-1"
"49","Al Farouq","al-farouq-aminu-1"
"50","Lou Amundson","lou-amundson-1"
"51","Chris Andersen","chris-andersen-1"
"52","David Andersen","david-andersen-3"
"53","Alan Anderson","alan-anderson-1"
"54","Antonio Anderson","antonio-anderson-2"
"55","Derek Anderson","derek-anderson-1"
"56","Greg Anderson","greg-anderson-1"
"57","James Anderson","james-anderson-3"
"58","Justin Anderson","justin-anderson-1"
"59","Kenny Anderson","kenny-anderson-1"
"60","Kyle Anderson","kyle-anderson-3"
"61","Nick Anderson","nick-anderson-1"
"62","Ryan Anderson","ryan-anderson-1"
"63","Shandon Anderson","shandon-anderson-1"
"64","Willie Anderson","willie-anderson-1"
"65","Martynas Andriuškevičius","martynas-andriuškevičius-1"
"66","Ike Anigbogu","ike-anigbogu-1"
"67","Chris Anstey","chris-anstey-1"
"68","Giannis Antetokounmpo","giannis-antetokounmpo-1"
"69","Kostas Antetokounmpo","kostas-antetokounmpo-1"
"70","Thanasis Antetokounmpo","thanasis-antetokounmpo-1"
"71","Carmelo Anthony","carmelo-anthony-1"
"72","Greg Anthony","greg-anthony-1"
"73","Joel Anthony","joel-anthony-1"
"74","Pero Antić","pero-antić-1"
"75","Og Anunoby","og-anunoby-1"
"76","Keith Appling","keith-appling-1"
"77","Rafael Araújo","rafael-araújo-1"
"78","Robert Archibald","robert-archibald-1"
"79","Ryan Arcidiacono","ryan-arcidiacono-1"
"80","Gilbert Arenas","gilbert-arenas-1"
"81","Trevor Ariza","trevor-ariza-1"
"82","Bj Armstrong","bj-armstrong-1"
"83","Brandon Armstrong","brandon-armstrong-1"
"84","Darrell Armstrong","darrell-armstrong-1"
"85","Hilton Armstrong","hilton-armstrong-1"
"86","Carlos Arroyo","carlos-arroyo-1"
"87","Darrell Arthur","darrell-arthur-1"
"88","Jamel Artis","jamel-artis-1"
"89","Ömer Aşık","Ömer-aşık-1"
"90","Vincent Askew","vincent-askew-1"
"91","Keith Askins","keith-askins-1"
"92","Chucky Atkins","chucky-atkins-1"
"93","Stacey Augmon","stacey-augmon-1"
"94","Dj Augustin","dj-augustin-1"
"95","James Augustine","james-augustine-1"
"96","Isaac Austin","isaac-austin-1"
"97","Anthony Avent","anthony-avent-1"
"98","William Avery","william-avery-1"
"99","Gustavo Ayón","gustavo-ayón-1"
"100","Jeff Ayres","jeff-ayres-2"
"101","Deandre Ayton","deandre-ayton-1"
"102","Kelenna Azubuike","kelenna-azubuike-1"
"103","Chris Babb","chris-babb-1"
"104","Luke Babbitt","luke-babbitt-1"
"105","Dwayne Bacon","dwayne-bacon-1"
"106","Dalibor Bagarić","dalibor-bagarić-1"
"107","Marvin Bagleyiii","marvin-bagleyiii-1"
"108","Thurl Bailey","thurl-bailey-1"
"109","Toby Bailey","toby-bailey-1"
"110","Cameron Bairstow","cameron-bairstow-1"
"111","Lamark Baker","lamark-baker-1"
"112","Maurice Baker","maurice-baker-1"
"113","Ron Baker","ron-baker-1"
"114","Vin Baker","vin-baker-1"
"115","Wade Baldwin","wade-baldwin-1"
"116","Renaldo Balkman","renaldo-balkman-1"
"117","Lonzo Ball","lonzo-ball-1"
"118","Mohamed Bamba","mohamed-bamba-1"
"119","Marcus Banks","marcus-banks-1"
"120","Leandro Barbosa","leandro-barbosa-1"
"121","Steve Bardo","steve-bardo-1"
"122","Jj Barea","jj-barea-1"
"123","Andrea Bargnani","andrea-bargnani-1"
"124","Charles Barkley","charles-barkley-1"
"125","Erick Barkley","erick-barkley-1"
"126","Harrison Barnes","harrison-barnes-2"
"127","Matt Barnes","matt-barnes-2"
"128","Andre Barrett","andre-barrett-1"
"129","Rj Barrett","rj-barrett-1"
"130","Earl Barron","earl-barron-1"
"131","Dana Barros","dana-barros-1"
"132","Brent Barry","brent-barry-1"
"133","Drew Barry","drew-barry-1"
"134","Jon Barry","jon-barry-1"
"135","Will Barton","will-barton-1"
"136","Eddie Basden","eddie-basden-1"
"137","Brandon Bass","brandon-bass-1"
"138","Maceo Baston","maceo-baston-1"
"139","Mengke Bateer","mengke-bateer-1"
"140","Keita Bates","keita-bates-diop-1"
"141","Esteban Batista","esteban-batista-1"
"142","Mike Batiste","mike-batiste-1"
"143","Tony Battie","tony-battie-1"
"144","Shane Battier","shane-battier-1"
"145","Nicolas Batum","nicolas-batum-1"
"146","Lonny Baxter","lonny-baxter-1"
"147","Jerryd Bayless","jerryd-bayless-1"
"148","Aron Baynes","aron-baynes-1"
"149","Kent Bazemore","kent-bazemore-1"
"150","Darius Bazley","darius-bazley-1"
"151","Bradley Beal","bradley-beal-1"
"152","Jerome Beasley","jerome-beasley-1"
"153","Malik Beasley","malik-beasley-1"
"154","Michael Beasley","michael-beasley-1"
"155","Rodrigue Beaubois","rodrigue-beaubois-1"
"156","Corey Beck","corey-beck-1"
"157","Marco Belinelli","marco-belinelli-1"
"158","Charlie Bell","charlie-bell-1"
"159","Jordan Bell","jordan-bell-1"
"160","Raja Bell","raja-bell-1"
"161","Troy Bell","troy-bell-1"
"162","Deandre Bembry","deandre-bembry-1"
"163","Dragan Bender","dragan-bender-1"
"164","Jonathan Bender","jonathan-bender-1"
"165","Jerrelle Benimon","jerrelle-benimon-1"
"166","Benoit Benjamin","benoit-benjamin-1"
"167","Corey Benjamin","corey-benjamin-1"
"168","Anthony Bennett","anthony-bennett-1"
"169","Elmer Bennett","elmer-bennett-1"
"170","Mario Bennett","mario-bennett-1"
"171","David Benoit","david-benoit-1"
"172","Keith Benson","keith-benson-2"
"173","Ben Bentil","ben-bentil-1"
"174","Dairis BertČns","dairis-bertČns-2"
"175","DČvis BertČns","dČvis-bertČns-1"
"176","Travis Best","travis-best-1"
"177","Patrick Beverley","patrick-beverley-1"
"178","Sim Bhullar","sim-bhullar-1"
"179","Mike Bibby","mike-bibby-1"
"180","Andris Biedrişš","andris-biedrişš-1"
"181","Chauncey Billups","chauncey-billups-1"
"182","Khem Birch","khem-birch-1"
"183","Jabari Bird","jabari-bird-1"
"184","Goga Bitadze","goga-bitadze-1"
"185","Bismack Biyombo","bismack-biyombo-1"
"186","Nemanja Bjelica","nemanja-bjelica-1"
"187","Tarik Black","tarik-black-1"
"188","Dejuan Blair","dejuan-blair-1"
"189","Steve Blake","steve-blake-1"
"190","Antonio Blakeney","antonio-blakeney-1"
"191","Will Blalock","will-blalock-1"
"192","Andray Blatche","andray-blatche-1"
"193","Mookie Blaylock","mookie-blaylock-1"
"194","Eric Bledsoe","eric-bledsoe-1"
"195","Jaron Blossomgame","jaron-blossomgame-1"
"196","Corie Blount","corie-blount-1"
"197","Mark Blount","mark-blount-1"
"198","Vander Blue","vander-blue-1"
"199","Tony Bobbitt","tony-bobbitt-1"
"200","Keith Bogans","keith-bogans-1"
"201","Bogdan Bogdanović","bogdan-bogdanović-1"
"202","Bojan Bogdanović","bojan-bogdanović-2"
"203","Muggsy Bogues","muggsy-bogues-1"
"204","Andrew Bogut","andrew-bogut-1"
"205","Etdrick Bohannon","etdrick-bohannon-1"
"206","Bol Bol","bol-bol-1"
"207","Jonah Bolden","jonah-bolden-1"
"208","Marques Bolden","marques-bolden-1"
"209","Joel Bolomboy","joel-bolomboy-1"
"210","Jordan Bone","jordan-bone-1"
"211","Dexter Boney","dexter-boney-1"
"212","Isaac Bonga","isaac-bonga-1"
"213","Anthony Bonner","anthony-bonner-1"
"214","Matt Bonner","matt-bonner-1"
"215","Devin Booker","devin-booker-1"
"216","Melvin Booker","melvin-booker-1"
"217","Trevor Booker","trevor-booker-1"
"218","Josh Boone","josh-boone-1"
"219","Calvin Booth","calvin-booth-1"
"220","Keith Booth","keith-booth-1"
"221","Carlos Boozer","carlos-boozer-1"
"222","Curtis Borchardt","curtis-borchardt-1"
"223","Lazaro Borrell","lazaro-borrell-1"
"224","Chris Bosh","chris-bosh-1"
"225","Chris Boucher","chris-boucher-1"
"226","Ruben Boumtje","ruben-boumtje-boumtje-1"
"227","Cal Bowdler","cal-bowdler-1"
"228","Brian Bowen","brian-bowen-2"
"229","Bruce Bowen","bruce-bowen-1"
"230","Ryan Bowen","ryan-bowen-1"
"231","Anthony Bowie","anthony-bowie-1"
"232","Ira Bowman","ira-bowman-1"
"233","Ky Bowman","ky-bowman-1"
"234","Donnie Boyce","donnie-boyce-1"
"235","Earl Boykins","earl-boykins-1"
"236","Cedric Bozeman","cedric-bozeman-1"
"237","Craig Brackins","craig-brackins-1"
"238","Avery Bradley","avery-bradley-1"
"239","Michael Bradley","michael-bradley-1"
"240","Shawn Bradley","shawn-bradley-1"
"241","Tony Bradley","tony-bradley-1"
"242","Mark Bradtke","mark-bradtke-1"
"243","Marques Bragg","marques-bragg-1"
"244","Torraye Braggs","torraye-braggs-1"
"245","Aj Bramlett","aj-bramlett-1"
"246","Elton Brand","elton-brand-1"
"247","Terrell Brandon","terrell-brandon-1"
"248","Jarrell Brantley","jarrell-brantley-1"
"249","Ignas Brazdeikis","ignas-brazdeikis-1"
"250","Tim Breaux","tim-breaux-1"
"251","Jr Bremer","jr-bremer-1"
"252","Corey Brewer","corey-brewer-1"
"253","Jamison Brewer","jamison-brewer-1"
"254","Ronnie Brewer","ronnie-brewer-2"
"255","Primož Brezec","primož-brezec-1"
"256","Frank Brickowski","frank-brickowski-1"
"257","Mikal Bridges","mikal-bridges-1"
"258","Miles Bridges","miles-bridges-1"
"259","Isaiah Briscoe","isaiah-briscoe-1"
"260","Oshae Brissett","oshae-brissett-1"
"261","Jon Brockman","jon-brockman-1"
"262","Ryan Broekhoff","ryan-broekhoff-1"
"263","Malcolm Brogdon","malcolm-brogdon-1"
"264","Aaron Brooks","aaron-brooks-1"
"265","Dillon Brooks","dillon-brooks-1"
"266","Marshon Brooks","marshon-brooks-1"
"267","Scott Brooks","scott-brooks-1"
"268","Andre Brown","andre-brown-1"
"269","Anthony Brown","anthony-brown-2"
"270","Bobby Brown","bobby-brown-2"
"271","Bruce Brown","bruce-brown-2"
"272","Charlie Brown","charlie-brown-2"
"273","Chucky Brown","chucky-brown-1"
"274","Damone Brown","damone-brown-2"
"275","Dee Brown","dee-brown-1"
"276","Dee Brown","dee-brown-3"
"277","Derrick Brown","derrick-brown-4"
"278","Devin Brown","devin-brown-2"
"279","Ernest Brown","ernest-brown-1"
"280","Gerald Brown","gerald-brown-2"
"281","Jabari Brown","jabari-brown-1"
"282","Jaylen Brown","jaylen-brown-1"
"283","Kedrick Brown","kedrick-brown-1"
"284","Kwame Brown","kwame-brown-1"
"285","Lorenzo Brown","lorenzo-brown-1"
"286","Marcus Brown","marcus-brown-1"
"287","Markel Brown","markel-brown-2"
"288","Mike Brown","mike-brown-1"
"289","Moses Brown","moses-brown-1"
"290","Pj Brown","pj-brown-1"
"291","Randy Brown","randy-brown-2"
"292","Shannon Brown","shannon-brown-1"
"293","Sterling Brown","sterling-brown-2"
"294","Tierre Brown","tierre-brown-1"
"295","Troy Brown","troy-brown-1"
"296","Jalen Brunson","jalen-brunson-1"
"297","Rick Brunson","rick-brunson-1"
"298","Nicolás Brussino","nicolás-brussino-1"
"299","Kobe Bryant","kobe-bryant-1"
"300","Mark Bryant","mark-bryant-1"
"301","Thomas Bryant","thomas-bryant-1"
"302","Greg Buckner","greg-buckner-1"
"303","Chase Budinger","chase-budinger-1"
"304","Jud Buechler","jud-buechler-1"
"305","Rodney Buford","rodney-buford-1"
"306","Matt Bullard","matt-bullard-1"
"307","Reggie Bullock","reggie-bullock-1"
"308","Pat Burke","pat-burke-1"
"309","Trey Burke","trey-burke-1"
"310","Alec Burks","alec-burks-1"
"311","Antonio Burks","antonio-burks-1"
"312","Kevin Burleson","kevin-burleson-1"
"313","Scott Burrell","scott-burrell-1"
"314","Junior Burrough","junior-burrough-1"
"315","Deonte Burton","deonte-burton-2"
"316","Willie Burton","willie-burton-1"
"317","Caron Butler","caron-butler-1"
"318","Jackie Butler","jackie-butler-1"
"319","Jimmy Butler","jimmy-butler-1"
"320","Mitchell Butler","mitchell-butler-2"
"321","Rasual Butler","rasual-butler-1"
"322","Dwight Buycks","dwight-buycks-1"
"323","Derrick Byars","derrick-byars-1"
"324","Andrew Bynum","andrew-bynum-1"
"325","Will Bynum","will-bynum-1"
"326","Bruno Caboclo","bruno-caboclo-1"
"327","Devontae Cacok","devontae-cacok-1"
"328","Jason Caffey","jason-caffey-1"
"329","Michael Cage","michael-cage-1"
"330","Nick Calathes","nick-calathes-1"
"331","José Calderón","josé-calderón-1"
"332","Adrian Caldwell","adrian-caldwell-1"
"333","Kentavious Caldwell","kentavious-caldwell-pope-1"
"334","Marcus Camby","marcus-camby-1"
"335","Elden Campbell","elden-campbell-1"
"336","Isaiah Canaan","isaiah-canaan-1"
"337","Vlatko Čančar","vlatko-Čančar-1"
"338","Clint Capela","clint-capela-1"
"339","Derrick Caracter","derrick-caracter-1"
"340","Brian Cardinal","brian-cardinal-1"
"341","Geno Carlisle","geno-carlisle-1"
"342","Rodney Carney","rodney-carney-1"
"343","Antoine Carr","antoine-carr-1"
"344","Chris Carr","chris-carr-1"
"345","Cory Carr","cory-carr-1"
"346","Demarre Carroll","demarre-carroll-1"
"347","Matt Carroll","matt-carroll-1"
"348","Jimmy Carruth","jimmy-carruth-1"
"349","Anthony Carter","anthony-carter-1"
"350","Jevon Carter","jevon-carter-1"
"351","Maurice Carter","maurice-carter-1"
"352","Vince Carter","vince-carter-1"
"353","Wendell Carterjr","wendell-carterjr-1"
"354","Michael Carter","michael-carter-williams-1"
"355","Alex Caruso","alex-caruso-1"
"356","Sam Cassell","sam-cassell-1"
"357","Omri Casspi","omri-casspi-1"
"358","Kelvin Cato","kelvin-cato-1"
"359","Willie Cauley","willie-cauley-stein-1"
"360","Troy Caupain","troy-caupain-1"
"361","Duane Causwell","duane-causwell-1"
"362","Tyler Cavanaugh","tyler-cavanaugh-1"
"363","Cedric Ceballos","cedric-ceballos-1"
"364","John Celestand","john-celestand-1"
"365","Lionel Chalmers","lionel-chalmers-1"
"366","Mario Chalmers","mario-chalmers-1"
"367","Tom Chambers","tom-chambers-1"
"368","Tyson Chandler","tyson-chandler-1"
"369","Wilson Chandler","wilson-chandler-1"
"370","Rex Chapman","rex-chapman-1"
"371","Joe Chealey","joe-chealey-1"
"372","Calbert Cheaney","calbert-cheaney-1"
"373","Zylan Cheatham","zylan-cheatham-1"
"374","Will Cherry","will-cherry-1"
"375","Pete Chilcutt","pete-chilcutt-1"
"376","Josh Childress","josh-childress-1"
"377","Randolph Childress","randolph-childress-1"
"378","Chris Childs","chris-childs-1"
"379","Chris Chiozza","chris-chiozza-1"
"380","Marquese Chriss","marquese-chriss-1"
"381","Doug Christie","doug-christie-1"
"382","Dionte Christmas","dionte-christmas-1"
"383","Rakeem Christmas","rakeem-christmas-1"
"384","Semaj Christon","semaj-christon-1"
"385","Patrick Christopher","patrick-christopher-1"
"386","Robert Churchwell","robert-churchwell-1"
"387","Earl Clark","earl-clark-1"
"388","Gary Clark","gary-clark-1"
"389","Ian Clark","ian-clark-1"
"390","Keon Clark","keon-clark-1"
"391","Brandon Clarke","brandon-clarke-1"
"392","Coty Clarke","coty-clarke-1"
"393","Jordan Clarkson","jordan-clarkson-1"
"394","Gian Clavell","gian-clavell-1"
"395","Victor Claver","victor-claver-1"
"396","Charles Claxton","charles-claxton-1"
"397","Nicolas Claxton","nicolas-claxton-1"
"398","Speedy Claxton","speedy-claxton-1"
"399","Mateen Cleaves","mateen-cleaves-1"
"400","Chris Clemons","chris-clemons-2"
"401","Antonius Cleveland","antonius-cleveland-1"
"402","Keith Closs","keith-closs-1"
"403","Amir Coffey","amir-coffey-1"
"404","John Coker","john-coker-1"
"405","Norris Cole","norris-cole-1"
"406","Derrick Coleman","derrick-coleman-1"
"407","Bimbo Coles","bimbo-coles-1"
"408","Jason Collier","jason-collier-2"
"409","James Collins","james-collins-1"
"410","Jarron Collins","jarron-collins-3"
"411","Jason Collins","jason-collins-4"
"412","John Collins","john-collins-1"
"413","Mardy Collins","mardy-collins-1"
"414","Sherron Collins","sherron-collins-1"
"415","Zach Collins","zach-collins-1"
"416","Kyle Collinsworth","kyle-collinsworth-1"
"417","Darren Collison","darren-collison-1"
"418","Nick Collison","nick-collison-1"
"419","Bonzie Colson","bonzie-colson-1"
"420","Sean Colson","sean-colson-1"
"421","Mike Conley","mike-conley-1"
"422","Marty Conlon","marty-conlon-1"
"423","Pat Connaughton","pat-connaughton-1"
"424","Will Conroy","will-conroy-1"
"425","Anthony Cook","anthony-cook-1"
"426","Brian Cook","brian-cook-1"
"427","Daequan Cook","daequan-cook-2"
"428","Omar Cook","omar-cook-1"
"429","Quinn Cook","quinn-cook-1"
"430","Tyler Cook","tyler-cook-1"
"431","Charles Cooke","charles-cooke-1"
"432","Jack Cooley","jack-cooley-1"
"433","Chris Copeland","chris-copeland-1"
"434","Tyrone Corbin","tyrone-corbin-1"
"435","Matt Costello","matt-costello-1"
"436","Bryce Cotton","bryce-cotton-1"
"437","James Cotton","james-cotton-2"
"438","Joe Courtney","joe-courtney-1"
"439","Marcus Cousin","marcus-cousin-1"
"440","Demarcus Cousins","demarcus-cousins-1"
"441","Robert Covington","robert-covington-1"
"442","Allen Crabbe","allen-crabbe-1"
"443","Torrey Craig","torrey-craig-1"
"444","Chris Crawford","chris-crawford-1"
"445","Jamal Crawford","jamal-crawford-1"
"446","Joe Crawford","joe-crawford-1"
"447","Jordan Crawford","jordan-crawford-2"
"448","Mitch Creek","mitch-creek-1"
"449","Joe Crispin","joe-crispin-1"
"450","Javaris Crittenton","javaris-crittenton-1"
"451","Austin Croshere","austin-croshere-1"
"452","John Crotty","john-crotty-1"
"453","Jae Crowder","jae-crowder-1"
"454","Jarrett Culver","jarrett-culver-1"
"455","Terry Cummings","terry-cummings-1"
"456","Vonteego Cummings","vonteego-cummings-1"
"457","Dante Cunningham","dante-cunningham-1"
"458","Jared Cunningham","jared-cunningham-1"
"459","William Cunningham","william-cunningham-1"
"460","Earl Cureton","earl-cureton-1"
"461","Bill Curley","bill-curley-1"
"462","Dell Curry","dell-curry-1"
"463","Eddy Curry","eddy-curry-1"
"464","Jameson Curry","jameson-curry-1"
"465","Michael Curry","michael-curry-1"
"466","Seth Curry","seth-curry-1"
"467","Stephen Curry","stephen-curry-1"
"468","Rastko Cvetković","rastko-cvetković-1"
"469","Samuel Dalembert","samuel-dalembert-1"
"470","Erick Dampier","erick-dampier-1"
"471","Antonio Daniels","antonio-daniels-1"
"472","Erik Daniels","erik-daniels-1"
"473","Lloyd Daniels","lloyd-daniels-1"
"474","Marquis Daniels","marquis-daniels-1"
"475","Troy Daniels","troy-daniels-1"
"476","Sasha Danilović","sasha-danilović-1"
"477","Yinka Dare","yinka-dare-1"
"478","Luigi Datome","luigi-datome-1"
"479","Kornél Dávid","kornél-dávid-1"
"480","Jermareo Davidson","jermareo-davidson-1"
"481","Brandon Davies","brandon-davies-1"
"482","Anthony Davis","anthony-davis-5"
"483","Antonio Davis","antonio-davis-1"
"484","Baron Davis","baron-davis-1"
"485","Ben Davis","ben-davis-1"
"486","Dale Davis","dale-davis-1"
"487","Deyonta Davis","deyonta-davis-1"
"488","Ed Davis","ed-davis-1"
"489","Emanual Davis","emanual-davis-1"
"490","Glen Davis","glen-davis-1"
"491","Hubert Davis","hubert-davis-1"
"492","Josh Davis","josh-davis-2"
"493","Mark Davis","mark-davis-2"
"494","Paul Davis","paul-davis-1"
"495","Ricky Davis","ricky-davis-1"
"496","Terence Davis","terence-davis-1"
"497","Terry Davis","terry-davis-1"
"498","Tyler Davis","tyler-davis-5"
"499","Andre Dawkins","andre-dawkins-1"
"500","Branden Dawson","branden-dawson-1"
"501","Eric Dawson","eric-dawson-1"
"502","Todd Day","todd-day-1"
"503","Austin Daye","austin-daye-1"
"504","Nando De","nando-de-colo-1"
"505","Andrew Declercq","andrew-declercq-1"
"506","Demar Derozan","demar-derozan-1"
"507","Dewayne Dedmon","dewayne-dedmon-1"
"508","Terry Dehere","terry-dehere-1"
"509","Bryce Dejean","bryce-dejean-jones-1"
"510","Sam Dekker","sam-dekker-1"
"511","Vinny Del","vinny-del-negro-1"
"512","Malcolm Delaney","malcolm-delaney-1"
"513","Bison Dele","bison-dele-1"
"514","Carlos Delfino","carlos-delfino-1"
"515","Ìngel Delgado","Ìngel-delgado-1"
"516","Tony Delk","tony-delk-1"
"517","Matthew Dellavedova","matthew-dellavedova-1"
"518","Dell Demps","dell-demps-1"
"519","Luol Deng","luol-deng-1"
"520","Justin Dentmon","justin-dentmon-1"
"521","Marcus Derrickson","marcus-derrickson-1"
"522","Donte Divincenzo","donte-divincenzo-1"
"523","Derrick Dial","derrick-dial-1"
"524","Cheick Diallo","cheick-diallo-1"
"525","Hamidou Diallo","hamidou-diallo-1"
"526","Boris Diaw","boris-diaw-1"
"527","Yakhouba Diawara","yakhouba-diawara-1"
"528","Guillermo Díaz","guillermo-díaz-1"
"529","Dan Dickau","dan-dickau-1"
"530","Kaniel Dickens","kaniel-dickens-1"
"531","Michael Dickerson","michael-dickerson-1"
"532","Travis Diener","travis-diener-1"
"533","Gorgui Dieng","gorgui-dieng-1"
"534","Spencer Dinwiddie","spencer-dinwiddie-1"
"535","Ike Diogu","ike-diogu-1"
"536","Desagana Diop","desagana-diop-1"
"537","Vlade Divac","vlade-divac-1"
"538","Juan Dixon","juan-dixon-1"
"539","Michael Doleac","michael-doleac-1"
"540","Luka Dončić","luka-dončić-1"
"541","Keyon Dooling","keyon-dooling-1"
"542","Aleksandar Đorđević","aleksandar-Đorđević-1"
"543","Joey Dorsey","joey-dorsey-1"
"544","Tyler Dorsey","tyler-dorsey-1"
"545","Luguentz Dort","luguentz-dort-1"
"546","Damyean Dotson","damyean-dotson-1"
"547","Quincy Douby","quincy-douby-1"
"548","Sherman Douglas","sherman-douglas-1"
"549","Toney Douglas","toney-douglas-1"
"550","Chris Douglas","chris-douglas-roberts-1"
"551","Sekou Doumbouya","sekou-doumbouya-1"
"552","Zabian Dowdell","zabian-dowdell-1"
"553","Milton Doyle","milton-doyle-1"
"554","Pj Dozier","pj-dozier-1"
"555","Goran Dragić","goran-dragić-1"
"556","Zoran Dragić","zoran-dragić-1"
"557","Greg Dreiling","greg-dreiling-1"
"558","Bryce Drew","bryce-drew-1"
"559","Larry Drew","larry-drew-2"
"560","Clyde Drexler","clyde-drexler-1"
"561","Nate Driggers","nate-driggers-1"
"562","Predrag Drobnjak","predrag-drobnjak-1"
"563","Andre Drummond","andre-drummond-1"
"564","Kevin Duckworth","kevin-duckworth-1"
"565","Chris Dudley","chris-dudley-2"
"566","Jared Dudley","jared-dudley-1"
"567","Chris Duhon","chris-duhon-1"
"568","Duje Dukan","duje-dukan-1"
"569","Joe Dumars","joe-dumars-1"
"570","Richard Dumas","richard-dumas-2"
"571","Tony Dumas","tony-dumas-1"
"572","Tim Duncan","tim-duncan-1"
"573","Mike Dunleavy","mike-dunleavy-2"
"574","Kris Dunn","kris-dunn-1"
"575","Ronald Dupree","ronald-dupree-1"
"576","Kevin Durant","kevin-durant-1"
"577","Trevon Duval","trevon-duval-1"
"578","Jerome Dyson","jerome-dyson-1"
"579","Ledell Eackles","ledell-eackles-1"
"580","Acie Earl","acie-earl-1"
"581","Cleanthony Early","cleanthony-early-1"
"582","Devin Ebanks","devin-ebanks-1"
"583","Ndudi Ebi","ndudi-ebi-1"
"584","Jarell Eddie","jarell-eddie-1"
"585","Tyus Edney","tyus-edney-1"
"586","Blue Edwards","blue-edwards-1"
"587","Carsen Edwards","carsen-edwards-1"
"588","Corsley Edwards","corsley-edwards-1"
"589","Doug Edwards","doug-edwards-1"
"590","James Edwards","james-edwards-1"
"591","John Edwards","john-edwards-1"
"592","Kevin Edwards","kevin-edwards-1"
"593","Shane Edwards","shane-edwards-1"
"594","Vince Edwards","vince-edwards-2"
"595","Craig Ehlo","craig-ehlo-1"
"596","Howard Eisley","howard-eisley-1"
"597","Obinna Ekezie","obinna-ekezie-1"
"598","Khalid El","khalid-el-amin-1"
"599","Mario Elie","mario-elie-1"
"600","Henry Ellenson","henry-ellenson-1"
"601","Wayne Ellington","wayne-ellington-1"
"602","Sean Elliott","sean-elliott-1"
"603","Dale Ellis","dale-ellis-1"
"604","Harold Ellis","harold-ellis-1"
"605","Laphonso Ellis","laphonso-ellis-1"
"606","Leron Ellis","leron-ellis-2"
"607","Monta Ellis","monta-ellis-1"
"608","Pervis Ellison","pervis-ellison-1"
"609","Francisco Elson","francisco-elson-1"
"610","Melvin Ely","melvin-ely-1"
"611","Joel Embiid","joel-embiid-1"
"612","Andre Emmett","andre-emmett-1"
"613","Kim English","kim-english-1"
"614","James Ennis","james-ennis-1"
"615","Tyler Ennis","tyler-ennis-1"
"616","Semih Erden","semih-erden-1"
"617","Evan Eschmeyer","evan-eschmeyer-1"
"618","Vincenzo Esposito","vincenzo-esposito-1"
"619","Drew Eubanks","drew-eubanks-1"
"620","Brian Evans","brian-evans-1"
"621","Jacob Evans","jacob-evans-1"
"622","Jawun Evans","jawun-evans-1"
"623","Jeremy Evans","jeremy-evans-1"
"624","Maurice Evans","maurice-evans-1"
"625","Reggie Evans","reggie-evans-1"
"626","Tyreke Evans","tyreke-evans-1"
"627","Daniel Ewing","daniel-ewing-1"
"628","Patrick Ewing","patrick-ewing-1"
"629","Patrick Ewing","patrick-ewing-2"
"630","Dante Exum","dante-exum-1"
"631","Christian Eyenga","christian-eyenga-1"
"632","Festus Ezeli","festus-ezeli-1"
"633","Tacko Fall","tacko-fall-1"
"634","Kenneth Faried","kenneth-faried-1"
"635","Jordan Farmar","jordan-farmar-1"
"636","Desmon Farmer","desmon-farmer-1"
"637","Tony Farmer","tony-farmer-1"
"638","Vítor Faverani","vítor-faverani-1"
"639","Derrick Favors","derrick-favors-1"
"640","Nick Fazekas","nick-fazekas-1"
"641","Jamie Feick","jamie-feick-1"
"642","Kay Felder","kay-felder-1"
"643","Cristiano Felício","cristiano-felício-1"
"644","Carrick Felix","carrick-felix-1"
"645","Noel Felix","noel-felix-1"
"646","Raymond Felton","raymond-felton-1"
"647","Desmond Ferguson","desmond-ferguson-1"
"648","Terrance Ferguson","terrance-ferguson-1"
"649","Rudy Fernández","rudy-fernández-1"
"650","Bruno Fernando","bruno-fernando-1"
"651","Duane Ferrell","duane-ferrell-1"
"652","Yogi Ferrell","yogi-ferrell-1"
"653","Danny Ferry","danny-ferry-1"
"654","Kyrylo Fesenko","kyrylo-fesenko-1"
"655","Landry Fields","landry-fields-1"
"656","Michael Finley","michael-finley-1"
"657","Dorian Finney","dorian-finney-smith-1"
"658","Matt Fish","matt-fish-1"
"659","Derek Fisher","derek-fisher-1"
"660","Gerald Fitch","gerald-fitch-1"
"661","Marcus Fizer","marcus-fizer-1"
"662","Vern Fleming","vern-fleming-1"
"663","Luis Flores","luis-flores-1"
"664","Jonny Flynn","jonny-flynn-1"
"665","Isaac Fontaine","isaac-fontaine-1"
"666","Jeff Foote","jeff-foote-1"
"667","Bryn Forbes","bryn-forbes-1"
"668","Gary Forbes","gary-forbes-1"
"669","Alton Ford","alton-ford-2"
"670","Sharrod Ford","sharrod-ford-2"
"671","Sherell Ford","sherell-ford-1"
"672","Tj Ford","tj-ford-1"
"673","Joseph Forte","joseph-forte-1"
"674","Courtney Fortson","courtney-fortson-1"
"675","Danny Fortson","danny-fortson-1"
"676","Greg Foster","greg-foster-1"
"677","Jeff Foster","jeff-foster-1"
"678","Antonis Fotsis","antonis-fotsis-1"
"679","Evan Fournier","evan-fournier-1"
"680","Tremaine Fowlkes","tremaine-fowlkes-1"
"681","Deaaron Fox","deaaron-fox-1"
"682","Rick Fox","rick-fox-1"
"683","Randy Foye","randy-foye-1"
"684","Adonal Foyle","adonal-foyle-1"
"685","Richie Frahm","richie-frahm-1"
"686","Steve Francis","steve-francis-1"
"687","Jamaal Franklin","jamaal-franklin-1"
"688","Melvin Frazier","melvin-frazier-1"
"689","Michael Frazier","michael-frazier-1"
"690","Tim Frazier","tim-frazier-1"
"691","Jimmer Fredette","jimmer-fredette-1"
"692","Joel Freeland","joel-freeland-1"
"693","Matt Freije","matt-freije-1"
"694","Channing Frye","channing-frye-1"
"695","Hiram Fuller","hiram-fuller-1"
"696","Todd Fuller","todd-fuller-2"
"697","Markelle Fultz","markelle-fultz-1"
"698","Lawrence Funderburke","lawrence-funderburke-1"
"699","Wenyen Gabriel","wenyen-gabriel-1"
"700","Dan Gadzuric","dan-gadzuric-1"
"701","Daniel Gafford","daniel-gafford-1"
"702","Deng Gai","deng-gai-1"
"703","Reece Gaines","reece-gaines-1"
"704","Sundiata Gaines","sundiata-gaines-1"
"705","Danilo Gallinari","danilo-gallinari-1"
"706","Langston Galloway","langston-galloway-1"
"707","Kevin Gamble","kevin-gamble-1"
"708","Jorge Garbajosa","jorge-garbajosa-1"
"709","Rubén Garcés","rubén-garcés-1"
"710","Alex Garcia","alex-garcia-1"
"711","Francisco García","francisco-garcía-1"
"712","Thomas Gardner","thomas-gardner-1"
"713","Patricio Garino","patricio-garino-1"
"714","Darius Garland","darius-garland-1"
"715","Chris Garner","chris-garner-1"
"716","Kevin Garnett","kevin-garnett-1"
"717","Marlon Garnett","marlon-garnett-1"
"718","Billy Garrett","billy-garrett-1"
"719","Dean Garrett","dean-garrett-1"
"720","Diante Garrett","diante-garrett-2"
"721","Kiwane Garris","kiwane-garris-1"
"722","Pat Garrity","pat-garrity-1"
"723","Marc Gasol","marc-gasol-1"
"724","Pau Gasol","pau-gasol-1"
"725","Chris Gatling","chris-gatling-1"
"726","Kenny Gattison","kenny-gattison-1"
"727","Rudy Gay","rudy-gay-1"
"728","Andrew Gaze","andrew-gaze-1"
"729","Michael Gbinije","michael-gbinije-1"
"730","Reggie Geary","reggie-geary-1"
"731","Alonzo Gee","alonzo-gee-1"
"732","Matt Geiger","matt-geiger-1"
"733","Mickaël Gelabale","mickaël-gelabale-1"
"734","Devean George","devean-george-1"
"735","Paul George","paul-george-1"
"736","Marcus Georges","marcus-georges-hunt-1"
"737","Daniel Gibson","daniel-gibson-1"
"738","Jonathan Gibson","jonathan-gibson-1"
"739","Taj Gibson","taj-gibson-1"
"740","Jr Giddens","jr-giddens-1"
"741","Trey Gilder","trey-gilder-1"
"742","Harry Giles","harry-giles-1"
"743","Shai Gilgeous","shai-gilgeous-alexander-1"
"744","Eddie Gill","eddie-gill-1"
"745","Kendall Gill","kendall-gill-1"
"746","Armen Gilliam","armen-gilliam-1"
"747","Manu Ginóbili","manu-ginóbili-1"
"748","Gordan Giriček","gordan-giriček-1"
"749","Mickell Gladness","mickell-gladness-1"
"750","Gerald Glass","gerald-glass-1"
"751","Dion Glover","dion-glover-1"
"752","Andreas Glyniadakis","andreas-glyniadakis-1"
"753","Rudy Gobert","rudy-gobert-1"
"754","Anthony Goldwire","anthony-goldwire-1"
"755","Ryan Gomes","ryan-gomes-1"
"756","Drew Gooden","drew-gooden-1"
"757","Steve Goodrich","steve-goodrich-1"
"758","Archie Goodwin","archie-goodwin-1"
"759","Brandon Goodwin","brandon-goodwin-1"
"760","Aaron Gordon","aaron-gordon-1"
"761","Ben Gordon","ben-gordon-1"
"762","Drew Gordon","drew-gordon-1"
"763","Eric Gordon","eric-gordon-1"
"764","Marcin Gortat","marcin-gortat-1"
"765","Andrew Goudelock","andrew-goudelock-1"
"766","Devonte Graham","devonte-graham-1"
"767","Greg Graham","greg-graham-1"
"768","Joey Graham","joey-graham-1"
"769","Stephen Graham","stephen-graham-1"
"770","Treveon Graham","treveon-graham-1"
"771","Ron Grandison","ron-grandison-1"
"772","Danny Granger","danny-granger-1"
"773","Brian Grant","brian-grant-1"
"774","Gary Grant","gary-grant-1"
"775","Greg Grant","greg-grant-1"
"776","Harvey Grant","harvey-grant-1"
"777","Horace Grant","horace-grant-1"
"778","Jerami Grant","jerami-grant-1"
"779","Jerian Grant","jerian-grant-2"
"780","Paul Grant","paul-grant-1"
"781","Donte Grantham","donte-grantham-1"
"782","Aaron Gray","aaron-gray-1"
"783","Devin Gray","devin-gray-1"
"784","Ed Gray","ed-gray-1"
"785","Evric Gray","evric-gray-1"
"786","Josh Gray","josh-gray-1"
"787","Jeff Grayer","jeff-grayer-1"
"788","Ac Green","ac-green-1"
"789","Danny Green","danny-green-2"
"790","Devin Green","devin-green-1"
"791","Draymond Green","draymond-green-1"
"792","Erick Green","erick-green-1"
"793","Gerald Green","gerald-green-1"
"794","Jamychal Green","jamychal-green-1"
"795","Javonte Green","javonte-green-2"
"796","Jeff Green","jeff-green-1"
"797","Litterial Green","litterial-green-1"
"798","Taurean Green","taurean-green-1"
"799","Willie Green","willie-green-1"
"800","Donté Greene","donté-greene-1"
"801","Orien Greene","orien-greene-1"
"802","Lynn Greer","lynn-greer-1"
"803","Adrian Griffin","adrian-griffin-1"
"804","Blake Griffin","blake-griffin-1"
"805","Eddie Griffin","eddie-griffin-1"
"806","Taylor Griffin","taylor-griffin-1"
"807","Derek Grimm","derek-grimm-1"
"808","Anthony Grundy","anthony-grundy-1"
"809","Marko Guduric","marko-guduric-1"
"810","Tom Gugliotta","tom-gugliotta-1"
"811","Jorge Gutiérrez","jorge-gutiérrez-1"
"812","Kyle Guy","kyle-guy-1"
"813","Aj Guyton","aj-guyton-1"
"814","Rui Hachimura","rui-hachimura-1"
"815","Hamed Haddadi","hamed-haddadi-1"
"816","Malik Hairston","malik-hairston-1"
"817","Pj Hairston","pj-hairston-2"
"818","Marcus Haislip","marcus-haislip-1"
"819","Jack Haley","jack-haley-1"
"820","Devon Hall","devon-hall-1"
"821","Donta Hall","donta-hall-1"
"822","Mike Hall","mike-hall-1"
"823","Darvin Ham","darvin-ham-1"
"824","Steve Hamer","steve-hamer-1"
"825","Daniel Hamilton","daniel-hamilton-2"
"826","Jordan Hamilton","jordan-hamilton-2"
"827","Justin Hamilton","justin-hamilton-1"
"828","Richard Hamilton","richard-hamilton-1"
"829","Tang Hamilton","tang-hamilton-1"
"830","Thomas Hamilton","thomas-hamilton-1"
"831","Zendon Hamilton","zendon-hamilton-1"
"832","Geert Hammink","geert-hammink-1"
"833","Tom Hammonds","tom-hammonds-1"
"834","Aj Hammons","aj-hammons-1"
"835","Darrin Hancock","darrin-hancock-1"
"836","Ben Handlogten","ben-handlogten-1"
"837","Dusty Hannahs","dusty-hannahs-1"
"838","Ben Hansbrough","ben-hansbrough-1"
"839","Tyler Hansbrough","tyler-hansbrough-1"
"840","Travis Hansen","travis-hansen-1"
"841","Reggie Hanson","reggie-hanson-1"
"842","Luke Harangody","luke-harangody-1"
"843","Anfernee Hardaway","anfernee-hardaway-1"
"844","Tim Hardaway","tim-hardaway-1"
"845","Tim Hardaway","tim-hardaway-2"
"846","James Harden","james-harden-1"
"847","Maurice Harkless","maurice-harkless-1"
"848","Derek Harper","derek-harper-1"
"849","Jared Harper","jared-harper-1"
"850","Justin Harper","justin-harper-1"
"851","Ron Harper","ron-harper-1"
"852","Matt Harpring","matt-harpring-1"
"853","Montrezl Harrell","montrezl-harrell-1"
"854","Josh Harrellson","josh-harrellson-1"
"855","Adam Harrington","adam-harrington-1"
"856","Al Harrington","al-harrington-1"
"857","Junior Harrington","junior-harrington-1"
"858","Othella Harrington","othella-harrington-1"
"859","Devin Harris","devin-harris-1"
"860","Elias Harris","elias-harris-1"
"861","Gary Harris","gary-harris-1"
"862","Joe Harris","joe-harris-1"
"863","Lucious Harris","lucious-harris-1"
"864","Manny Harris","manny-harris-1"
"865","Mike Harris","mike-harris-1"
"866","Terrel Harris","terrel-harris-1"
"867","Tobias Harris","tobias-harris-1"
"868","Aaron Harrison","aaron-harrison-1"
"869","Andrew Harrison","andrew-harrison-1"
"870","David Harrison","david-harrison-1"
"871","Shaquille Harrison","shaquille-harrison-1"
"872","Jason Hart","jason-hart-1"
"873","Josh Hart","josh-hart-1"
"874","Isaiah Hartenstein","isaiah-hartenstein-1"
"875","Antonio Harvey","antonio-harvey-1"
"876","Donnell Harvey","donnell-harvey-1"
"877","Udonis Haslem","udonis-haslem-1"
"878","Trenton Hassell","trenton-hassell-1"
"879","Kirk Haston","kirk-haston-1"
"880","Spencer Hawes","spencer-hawes-1"
"881","Hersey Hawkins","hersey-hawkins-1"
"882","Juaquin Hawkins","juaquin-hawkins-1"
"883","Michael Hawkins","michael-hawkins-1"
"884","Chuck Hayes","chuck-hayes-1"
"885","Jarvis Hayes","jarvis-hayes-1"
"886","Jaxson Hayes","jaxson-hayes-2"
"887","Nigel Hayes","nigel-hayes-1"
"888","Gordon Hayward","gordon-hayward-1"
"889","Lazar Hayward","lazar-hayward-1"
"890","Brendan Haywood","brendan-haywood-1"
"891","Luther Head","luther-head-1"
"892","Shane Heal","shane-heal-1"
"893","Reggie Hearn","reggie-hearn-1"
"894","Alvin Heggs","alvin-heggs-1"
"895","Alan Henderson","alan-henderson-1"
"896","Cedric Henderson","cedric-henderson-2"
"897","Gerald Henderson","gerald-henderson-2"
"898","Jr Henderson","jr-henderson-1"
"899","Mark Hendrickson","mark-hendrickson-1"
"900","Myke Henry","myke-henry-1"
"901","Xavier Henry","xavier-henry-1"
"902","John Henson","john-henson-1"
"903","Steve Henson","steve-henson-1"
"904","Dewan Hernandez","dewan-hernandez-1"
"905","Juan Hernangómez","juan-hernangómez-1"
"906","Willy Hernangómez","willy-hernangómez-1"
"907","Chris Herren","chris-herren-1"
"908","Carl Herrera","carl-herrera-1"
"909","Walter Herrmann","walter-herrmann-1"
"910","Tyler Herro","tyler-herro-1"
"911","Kevin Hervey","kevin-hervey-1"
"912","Mario Hezonja","mario-hezonja-1"
"913","Roy Hibbert","roy-hibbert-1"
"914","Isaiah Hicks","isaiah-hicks-1"
"915","Jj Hickson","jj-hickson-1"
"916","Buddy Hield","buddy-hield-1"
"917","Cory Higgins","cory-higgins-1"
"918","Sean Higgins","sean-higgins-1"
"919","Haywood Highsmith","haywood-highsmith-1"
"920","Nenê Hilário","nenê-hilário-1"
"921","George Hill","george-hill-1"
"922","Grant Hill","grant-hill-1"
"923","Jordan Hill","jordan-hill-1"
"924","Solomon Hill","solomon-hill-1"
"925","Steven Hill","steven-hill-1"
"926","Tyrone Hill","tyrone-hill-1"
"927","Darrun Hilliard","darrun-hilliard-1"
"928","Kirk Hinrich","kirk-hinrich-1"
"929","Robert Hite","robert-hite-1"
"930","Jaylen Hoard","jaylen-hoard-1"
"931","Darington Hobson","darington-hobson-1"
"932","Donald Hodge","donald-hodge-1"
"933","Julius Hodge","julius-hodge-1"
"934","Fred Hoiberg","fred-hoiberg-1"
"935","Randy Holcomb","randy-holcomb-1"
"936","Aaron Holiday","aaron-holiday-1"
"937","Jrue Holiday","jrue-holiday-1"
"938","Justin Holiday","justin-holiday-1"
"939","John Holland","john-holland-2"
"940","Ryan Hollins","ryan-hollins-1"
"941","Rondae Hollis","rondae-hollis-jefferson-1"
"942","Richaun Holmes","richaun-holmes-1"
"943","Jerald Honeycutt","jerald-honeycutt-1"
"944","Tyler Honeycutt","tyler-honeycutt-1"
"945","Derek Hood","derek-hood-1"
"946","Rodney Hood","rodney-hood-1"
"947","Scotty Hopson","scotty-hopson-1"
"948","Al Horford","al-horford-1"
"949","Jeff Hornacek","jeff-hornacek-1"
"950","Dennis Horner","dennis-horner-1"
"951","Robert Horry","robert-horry-1"
"952","Talen Horton","talen-horton-tucker-1"
"953","Danuel House","danuel-house-1"
"954","Eddie House","eddie-house-1"
"955","Allan Houston","allan-houston-1"
"956","Byron Houston","byron-houston-1"
"957","Dwight Howard","dwight-howard-1"
"958","Josh Howard","josh-howard-1"
"959","Juwan Howard","juwan-howard-1"
"960","Stephen Howard","stephen-howard-1"
"961","William Howard","william-howard-1"
"962","Lester Hudson","lester-hudson-1"
"963","Troy Hudson","troy-hudson-1"
"964","Marcelo Huertas","marcelo-huertas-1"
"965","Kevin Huerter","kevin-huerter-1"
"966","Josh Huestis","josh-huestis-1"
"967","Nate Huffman","nate-huffman-1"
"968","Larry Hughes","larry-hughes-1"
"969","Rick Hughes","rick-hughes-2"
"970","Robbie Hummel","robbie-hummel-1"
"971","Ryan Humphrey","ryan-humphrey-1"
"972","Isaac Humphries","isaac-humphries-1"
"973","Kris Humphries","kris-humphries-1"
"974","Brandon Hunter","brandon-hunter-1"
"975","Chris Hunter","chris-hunter-1"
"976","Deandre Hunter","deandre-hunter-1"
"977","Lindsey Hunter","lindsey-hunter-1"
"978","Othello Hunter","othello-hunter-1"
"979","Rj Hunter","rj-hunter-1"
"980","Steven Hunter","steven-hunter-1"
"981","Vince Hunter","vince-hunter-1"
"982","Bobby Hurley","bobby-hurley-1"
"983","Chandler Hutchison","chandler-hutchison-1"
"984","Serge Ibaka","serge-ibaka-1"
"985","Andre Iguodala","andre-iguodala-1"
"986","Zydrunas Ilgauskas","zydrunas-ilgauskas-1"
"987","Mile Ilić","mile-ilić-1"
"988","Didier Ilunga","didier-ilunga-mbenga-1"
"989","Ersan İlyasova","ersan-İlyasova-1"
"990","Joe Ingles","joe-ingles-1"
"991","Damien Inglis","damien-inglis-1"
"992","Andre Ingram","andre-ingram-1"
"993","Brandon Ingram","brandon-ingram-1"
"994","Kyrie Irving","kyrie-irving-1"
"995","Jonathan Isaac","jonathan-isaac-1"
"996","Allen Iverson","allen-iverson-1"
"997","Royal Ivey","royal-ivey-1"
"998","Wesley Iwundu","wesley-iwundu-1"
"999","Jarrett Jack","jarrett-jack-1"
"1000","Aaron Jackson","aaron-jackson-1"
"1001","Bobby Jackson","bobby-jackson-1"
"1002","Cedric Jackson","cedric-jackson-1"
"1003","Darnell Jackson","darnell-jackson-1"
"1004","Demetrius Jackson","demetrius-jackson-1"
"1005","Frank Jackson","frank-jackson-2"
"1006","Jaren Jackson","jaren-jackson-1"
"1007","Jaren Jackson","jaren-jackson-2"
"1008","Jermaine Jackson","jermaine-jackson-1"
"1009","Jim Jackson","jim-jackson-1"
"1010","Josh Jackson","josh-jackson-2"
"1011","Justin Jackson","justin-jackson-4"
"1012","Luke Jackson","luke-jackson-2"
"1013","Marc Jackson","marc-jackson-2"
"1014","Mark Jackson","mark-jackson-1"
"1015","Pierre Jackson","pierre-jackson-1"
"1016","Randell Jackson","randell-jackson-2"
"1017","Reggie Jackson","reggie-jackson-1"
"1018","Stephen Jackson","stephen-jackson-2"
"1019","Casey Jacobsen","casey-jacobsen-1"
"1020","Sam Jacobson","sam-jacobson-1"
"1021","Bernard James","bernard-james-1"
"1022","Damion James","damion-james-1"
"1023","Henry James","henry-james-1"
"1024","Jerome James","jerome-james-1"
"1025","Justin James","justin-james-1"
"1026","Lebron James","lebron-james-1"
"1027","Mike James","mike-james-1"
"1028","Mike James","mike-james-2"
"1029","Tim James","tim-james-1"
"1030","Antawn Jamison","antawn-jamison-1"
"1031","Harold Jamison","harold-jamison-1"
"1032","Marko Jarić","marko-jarić-1"
"1033","Šarūnas Jasikevičius","Šarūnas-jasikevičius-1"
"1034","Nathan Jawai","nathan-jawai-1"
"1035","Chris Jefferies","chris-jefferies-1"
"1036","Othyus Jeffers","othyus-jeffers-1"
"1037","Al Jefferson","al-jefferson-1"
"1038","Amile Jefferson","amile-jefferson-1"
"1039","Cory Jefferson","cory-jefferson-1"
"1040","Dontell Jefferson","dontell-jefferson-1"
"1041","Richard Jefferson","richard-jefferson-1"
"1042","Daquan Jeffries","daquan-jeffries-1"
"1043","Jared Jeffries","jared-jeffries-1"
"1044","Charles Jenkins","charles-jenkins-1"
"1045","Horace Jenkins","horace-jenkins-1"
"1046","John Jenkins","john-jenkins-1"
"1047","Brandon Jennings","brandon-jennings-1"
"1048","Chris Jent","chris-jent-1"
"1049","Jonas Jerebko","jonas-jerebko-1"
"1050","Ty Jerome","ty-jerome-1"
"1051","Grant Jerrett","grant-jerrett-1"
"1052","Eugene Jeter","eugene-jeter-1"
"1053","Yi Jianlian","yi-jianlian-1"
"1054","Britton Johnsen","britton-johnsen-1"
"1055","Alexander Johnson","alexander-johnson-1"
"1056","Alize Johnson","alize-johnson-2"
"1057","Amir Johnson","amir-johnson-1"
"1058","Anthony Johnson","anthony-johnson-2"
"1059","Armon Johnson","armon-johnson-2"
"1060","Avery Johnson","avery-johnson-1"
"1061","Bj Johnson","bj-johnson-1"
"1062","Brice Johnson","brice-johnson-2"
"1063","Cameron Johnson","cameron-johnson-4"
"1064","Carldell Johnson","carldell-johnson-1"
"1065","Chris Johnson","chris-johnson-3"
"1066","Chris Johnson","chris-johnson-4"
"1067","Dakari Johnson","dakari-johnson-4"
"1068","Darryl Johnson","darryl-johnson-2"
"1069","Demarco Johnson","demarco-johnson-2"
"1070","Dermarr Johnson","dermarr-johnson-3"
"1071","Eddie Johnson","eddie-johnson-3"
"1072","Ervin Johnson","ervin-johnson-2"
"1073","Ivan Johnson","ivan-johnson-1"
"1074","Jajuan Johnson","jajuan-johnson-2"
"1075","James Johnson","james-johnson-2"
"1076","Joe Johnson","joe-johnson-2"
"1077","Keldon Johnson","keldon-johnson-4"
"1078","Ken Johnson","ken-johnson-3"
"1079","Kevin Johnson","kevin-johnson-2"
"1080","Larry Johnson","larry-johnson-2"
"1081","Linton Johnson","linton-johnson-1"
"1082","Magic Johnson","magic-johnson-2"
"1083","Nick Johnson","nick-johnson-1"
"1084","Omari Johnson","omari-johnson-1"
"1085","Orlando Johnson","orlando-johnson-1"
"1086","Stanley Johnson","stanley-johnson-4"
"1087","Trey Johnson","trey-johnson-1"
"1088","Tyler Johnson","tyler-johnson-1"
"1089","Wesley Johnson","wesley-johnson-1"
"1090","Darius Johnson","darius-johnson-odom-3"
"1091","Nikola Jokić","nikola-jokić-1"
"1092","Alvin Jones","alvin-jones-1"
"1093","Bobby Jones","bobby-jones-2"
"1094","Charles Jones","charles-jones-1"
"1095","Charles Jones","charles-jones-3"
"1096","Dahntay Jones","dahntay-jones-2"
"1097","Damian Jones","damian-jones-3"
"1098","Damon Jones","damon-jones-1"
"1099","Dequan Jones","dequan-jones-1"
"1100","Derrick Jones","derrick-jones-2"
"1101","Dominique Jones","dominique-jones-1"
"1102","Dontae Jones","dontae-jones-1"
"1103","Dwayne Jones","dwayne-jones-2"
"1104","Eddie Jones","eddie-jones-2"
"1105","Fred Jones","fred-jones-1"
"1106","Jalen Jones","jalen-jones-4"
"1107","James Jones","james-jones-2"
"1108","Jemerrio Jones","jemerrio-jones-1"
"1109","Jumaine Jones","jumaine-jones-1"
"1110","Kevin Jones","kevin-jones-1"
"1111","Mark Jones","mark-jones-3"
"1112","Perry Jones","perry-jones-1"
"1113","Popeye Jones","popeye-jones-1"
"1114","Solomon Jones","solomon-jones-1"
"1115","Terrence Jones","terrence-jones-1"
"1116","Tyus Jones","tyus-jones-1"
"1117","Adonis Jordan","adonis-jordan-1"
"1118","Deandre Jordan","deandre-jordan-1"
"1119","Jerome Jordan","jerome-jordan-1"
"1120","Michael Jordan","michael-jordan-1"
"1121","Reggie Jordan","reggie-jordan-1"
"1122","Cory Joseph","cory-joseph-1"
"1123","Garth Joseph","garth-joseph-1"
"1124","Kris Joseph","kris-joseph-1"
"1125","Mfiondu Kabengele","mfiondu-kabengele-1"
"1126","Chris Kaman","chris-kaman-1"
"1127","Frank Kaminsky","frank-kaminsky-1"
"1128","Enes Kanter","enes-kanter-1"
"1129","Jason Kapono","jason-kapono-1"
"1130","Sergey Karasev","sergey-karasev-1"
"1131","Coby Karl","coby-karl-1"
"1132","Mario Kasun","mario-kasun-1"
"1133","Sasha Kaun","sasha-kaun-1"
"1134","Adam Keefe","adam-keefe-1"
"1135","Ryan Kelly","ryan-kelly-1"
"1136","Shawn Kemp","shawn-kemp-1"
"1137","Tim Kempton","tim-kempton-1"
"1138","Luke Kennard","luke-kennard-1"
"1139","Dj Kennedy","dj-kennedy-1"
"1140","Jonathan Kerner","jonathan-kerner-1"
"1141","Steve Kerr","steve-kerr-1"
"1142","Jerome Kersey","jerome-kersey-1"
"1143","Lari Ketner","lari-ketner-1"
"1144","Randolph Keys","randolph-keys-1"
"1145","Viktor Khryapa","viktor-khryapa-1"
"1146","Jason Kidd","jason-kidd-1"
"1147","Stanton Kidd","stanton-kidd-1"
"1148","Michael Kidd","michael-kidd-gilchrist-1"
"1149","Sean Kilpatrick","sean-kilpatrick-1"
"1150","Chris King","chris-king-1"
"1151","Frankie King","frankie-king-1"
"1152","George King","george-king-3"
"1153","Gerard King","gerard-king-2"
"1154","Jimmy King","jimmy-king-2"
"1155","Louis King","louis-king-2"
"1156","Stacey King","stacey-king-1"
"1157","Tarence Kinsey","tarence-kinsey-1"
"1158","Andrei Kirilenko","andrei-kirilenko-1"
"1159","Alex Kirk","alex-kirk-1"
"1160","Kerry Kittles","kerry-kittles-1"
"1161","Maxi Kleber","maxi-kleber-1"
"1162","Joe Kleine","joe-kleine-1"
"1163","Linas Kleiza","linas-kleiza-1"
"1164","Brandin Knight","brandin-knight-2"
"1165","Brandon Knight","brandon-knight-3"
"1166","Brevin Knight","brevin-knight-1"
"1167","Negele Knight","negele-knight-1"
"1168","Travis Knight","travis-knight-1"
"1169","Kevin Knox","kevin-knox-1"
"1170","Jon Koncak","jon-koncak-1"
"1171","John Konchar","john-konchar-1"
"1172","Furkan Korkmaz","furkan-korkmaz-1"
"1173","Luke Kornet","luke-kornet-1"
"1174","Yaroslav Korolev","yaroslav-korolev-1"
"1175","Kyle Korver","kyle-korver-1"
"1176","Kosta Koufos","kosta-koufos-1"
"1177","Viacheslav Kravtsov","viacheslav-kravtsov-1"
"1178","Nenad Krstić","nenad-krstić-1"
"1179","Larry Krystkowiak","larry-krystkowiak-1"
"1180","Toni Kukoč","toni-kukoč-1"
"1181","Rodions Kurucs","rodions-kurucs-1"
"1182","Rob Kurz","rob-kurz-1"
"1183","Ibo Kutluay","ibo-kutluay-1"
"1184","Kyle Kuzma","kyle-kuzma-1"
"1185","Ognjen Kuzmić","ognjen-kuzmić-1"
"1186","Mindaugas Kuzminskas","mindaugas-kuzminskas-1"
"1187","Raef Lafrentz","raef-lafrentz-1"
"1188","Rusty Larue","rusty-larue-1"
"1189","Zach Lavine","zach-lavine-1"
"1190","Skal Labissière","skal-labissière-1"
"1191","Christian Laettner","christian-laettner-1"
"1192","Oliver Lafayette","oliver-lafayette-1"
"1193","Doron Lamb","doron-lamb-1"
"1194","Jeremy Lamb","jeremy-lamb-1"
"1195","Maciej Lampe","maciej-lampe-1"
"1196","Sean Lampley","sean-lampley-1"
"1197","Carl Landry","carl-landry-1"
"1198","Marcus Landry","marcus-landry-1"
"1199","Andrew Lang","andrew-lang-1"
"1200","Antonio Lang","antonio-lang-2"
"1201","James Lang","james-lang-1"
"1202","Trajan Langdon","trajan-langdon-1"
"1203","Keith Langford","keith-langford-1"
"1204","Romeo Langford","romeo-langford-1"
"1205","Dan Langhi","dan-langhi-1"
"1206","Nicolás Laprovíttola","nicolás-laprovíttola-1"
"1207","Shane Larkin","shane-larkin-1"
"1208","Stéphane Lasme","stéphane-lasme-1"
"1209","Priest Lauderdale","priest-lauderdale-1"
"1210","Joffrey Lauvergne","joffrey-lauvergne-1"
"1211","Acie Law","acie-law-1"
"1212","Vic Law","vic-law-1"
"1213","Gani Lawal","gani-lawal-1"
"1214","Jason Lawson","jason-lawson-1"
"1215","Ty Lawson","ty-lawson-1"
"1216","Jake Layman","jake-layman-1"
"1217","Caris Levert","caris-levert-1"
"1218","Tj Leaf","tj-leaf-1"
"1219","Eric Leckner","eric-leckner-1"
"1220","Jalen Lecque","jalen-lecque-1"
"1221","Ricky Ledo","ricky-ledo-1"
"1222","Courtney Lee","courtney-lee-1"
"1223","Damion Lee","damion-lee-3"
"1224","David Lee","david-lee-2"
"1225","Malcolm Lee","malcolm-lee-1"
"1226","Tim Legler","tim-legler-1"
"1227","Walt Lemon","walt-lemon-1"
"1228","Alex Len","alex-len-1"
"1229","Voshon Lenard","voshon-lenard-1"
"1230","Kawhi Leonard","kawhi-leonard-1"
"1231","Meyers Leonard","meyers-leonard-1"
"1232","Travis Leslie","travis-leslie-1"
"1233","Jon Leuer","jon-leuer-1"
"1234","Cedric Lewis","cedric-lewis-1"
"1235","Martin Lewis","martin-lewis-1"
"1236","Quincy Lewis","quincy-lewis-1"
"1237","Rashard Lewis","rashard-lewis-2"
"1238","Deandre Liggins","deandre-liggins-1"
"1239","Damian Lillard","damian-lillard-1"
"1240","Jeremy Lin","jeremy-lin-1"
"1241","Alton Lister","alton-lister-1"
"1242","Nassir Little","nassir-little-1"
"1243","Randy Livingston","randy-livingston-1"
"1244","Shaun Livingston","shaun-livingston-1"
"1245","Horacio Llamas","horacio-llamas-grey-1"
"1246","Zach Lofton","zach-lofton-1"
"1247","Brad Lohaus","brad-lohaus-1"
"1248","Art Long","art-long-1"
"1249","Grant Long","grant-long-1"
"1250","John Long","john-long-1"
"1251","Shawn Long","shawn-long-1"
"1252","Luc Longley","luc-longley-1"
"1253","Kevon Looney","kevon-looney-1"
"1254","Brook Lopez","brook-lopez-1"
"1255","Felipe López","felipe-lópez-1"
"1256","Raül López","raül-lópez-1"
"1257","Robin Lopez","robin-lopez-1"
"1258","Kevin Love","kevin-love-1"
"1259","Kyle Lowry","kyle-lowry-1"
"1260","Jordan Loyd","jordan-loyd-1"
"1261","Kalin Lucas","kalin-lucas-1"
"1262","John Lucas","john-lucas-iii-2"
"1263","Tyronn Lue","tyronn-lue-1"
"1264","Timothé Luwawu","timothé-luwawu-cabarrot-1"
"1265","Tyler Lydon","tyler-lydon-1"
"1266","Trey Lyles","trey-lyles-1"
"1267","George Lynch","george-lynch-1"
"1268","Sheldon Mac","sheldon-mac-1"
"1269","Todd Macculloch","todd-macculloch-1"
"1270","Don Maclean","don-maclean-1"
"1271","Scott Machado","scott-machado-1"
"1272","Arvydas Macijauskas","arvydas-macijauskas-1"
"1273","Sam Mack","sam-mack-1"
"1274","Shelvin Mack","shelvin-mack-1"
"1275","Vernon Macklin","vernon-macklin-1"
"1276","Daryl Macon","daryl-macon-1"
"1277","Mark Macon","mark-macon-1"
"1278","Jp Macura","jp-macura-1"
"1279","Tito Maddox","tito-maddox-1"
"1280","Gerald Madkins","gerald-madkins-1"
"1281","Mark Madsen","mark-madsen-1"
"1282","Josh Magette","josh-magette-1"
"1283","Corey Maggette","corey-maggette-1"
"1284","Jamaal Magloire","jamaal-magloire-1"
"1285","Ian Mahinmi","ian-mahinmi-1"
"1286","Rick Mahorn","rick-mahorn-1"
"1287","Dan Majerle","dan-majerle-1"
"1288","Renaldo Major","renaldo-major-1"
"1289","Thon Maker","thon-maker-1"
"1290","Jeff Malone","jeff-malone-1"
"1291","Karl Malone","karl-malone-1"
"1292","Matt Maloney","matt-maloney-1"
"1293","Terance Mann","terance-mann-1"
"1294","Danny Manning","danny-manning-1"
"1295","Rich Manning","rich-manning-1"
"1296","Devyn Marble","devyn-marble-1"
"1297","Stephon Marbury","stephon-marbury-1"
"1298","Šarūnas Marčiulionis","Šarūnas-marčiulionis-1"
"1299","Shawn Marion","shawn-marion-1"
"1300","Boban Marjanović","boban-marjanović-1"
"1301","Lauri Markkanen","lauri-markkanen-1"
"1302","Damir Markota","damir-markota-1"
"1303","Sean Marks","sean-marks-1"
"1304","Donny Marshall","donny-marshall-2"
"1305","Donyell Marshall","donyell-marshall-1"
"1306","Kendall Marshall","kendall-marshall-1"
"1307","Rawle Marshall","rawle-marshall-1"
"1308","Caleb Martin","caleb-martin-2"
"1309","Cartier Martin","cartier-martin-1"
"1310","Cody Martin","cody-martin-1"
"1311","Cuonzo Martin","cuonzo-martin-1"
"1312","Darrick Martin","darrick-martin-1"
"1313","Jarell Martin","jarell-martin-1"
"1314","Jeremiah Martin","jeremiah-martin-2"
"1315","Kelan Martin","kelan-martin-3"
"1316","Kenyon Martin","kenyon-martin-1"
"1317","Kevin Martin","kevin-martin-2"
"1318","Jamal Mashburn","jamal-mashburn-1"
"1319","Anthony Mason","anthony-mason-1"
"1320","Desmond Mason","desmond-mason-1"
"1321","Frank Mason","frank-mason-1"
"1322","Roger Mason","roger-mason-1"
"1323","Tony Massenburg","tony-massenburg-1"
"1324","Yante Maten","yante-maten-1"
"1325","Garrison Mathews","garrison-mathews-1"
"1326","Mangok Mathiang","mangok-mathiang-1"
"1327","Wesley Matthews","wesley-matthews-2"
"1328","Jason Maxiell","jason-maxiell-1"
"1329","Vernon Maxwell","vernon-maxwell-1"
"1330","Sean May","sean-may-1"
"1331","Lee Mayberry","lee-mayberry-1"
"1332","Eric Maynor","eric-maynor-1"
"1333","Oj Mayo","oj-mayo-1"
"1334","Luc Mbah","luc-mbah-a-moute-1"
"1335","James Michael","james-michael-mcadoo-1"
"1336","Tahjere Mccall","tahjere-mccall-1"
"1337","Ray Mccallum","ray-mccallum-1"
"1338","Bob Mccann","bob-mccann-1"
"1339","Rashad Mccants","rashad-mccants-1"
"1340","Kelly Mccarty","kelly-mccarty-1"
"1341","Walter Mccarty","walter-mccarty-1"
"1342","Amal Mccaskill","amal-mccaskill-1"
"1343","Patrick Mccaw","patrick-mccaw-1"
"1344","Dan Mcclintock","dan-mcclintock-1"
"1345","George Mccloud","george-mccloud-1"
"1346","Cj Mccollum","cj-mccollum-1"
"1347","Tj Mcconnell","tj-mcconnell-1"
"1348","Jelani Mccoy","jelani-mccoy-1"
"1349","Chris Mccray","chris-mccray-1"
"1350","Erik Mccree","erik-mccree-1"
"1351","Chris Mccullough","chris-mccullough-1"
"1352","Clint Mcdaniel","clint-mcdaniel-1"
"1353","Xavier Mcdaniel","xavier-mcdaniel-1"
"1354","Jalen Mcdaniels","jalen-mcdaniels-1"
"1355","Kj Mcdaniels","kj-mcdaniels-1"
"1356","Doug Mcdermott","doug-mcdermott-1"
"1357","Michael Mcdonald","michael-mcdonald-1"
"1358","Antonio Mcdyess","antonio-mcdyess-1"
"1359","Ivan Mcfarlin","ivan-mcfarlin-1"
"1360","Mitch Mcgary","mitch-mcgary-1"
"1361","Javale Mcgee","javale-mcgee-1"
"1362","Tracy Mcgrady","tracy-mcgrady-1"
"1363","Rodney Mcgruder","rodney-mcgruder-1"
"1364","Dominic Mcguire","dominic-mcguire-1"
"1365","Jim Mcilvaine","jim-mcilvaine-1"
"1366","Jeff Mcinnis","jeff-mcinnis-1"
"1367","Derrick Mckey","derrick-mckey-1"
"1368","Aaron Mckie","aaron-mckie-1"
"1369","Trey Mckinney","trey-mckinney-jones-1"
"1370","Alfonzo Mckinnie","alfonzo-mckinnie-1"
"1371","Jordan Mclaughlin","jordan-mclaughlin-1"
"1372","Ben Mclemore","ben-mclemore-1"
"1373","Keith Mcleod","keith-mcleod-1"
"1374","Roshown Mcleod","roshown-mcleod-1"
"1375","Nate Mcmillan","nate-mcmillan-1"
"1376","Jerel Mcneal","jerel-mcneal-1"
"1377","Paul Mcpherson","paul-mcpherson-1"
"1378","Jordan Mcrae","jordan-mcrae-1"
"1379","Josh Mcroberts","josh-mcroberts-1"
"1380","Stanislav Medvedenko","stanislav-medvedenko-1"
"1381","Jodie Meeks","jodie-meeks-1"
"1382","Salah Mejri","salah-mejri-1"
"1383","Gal Mekel","gal-mekel-1"
"1384","Nicolò Melli","nicolò-melli-1"
"1385","Fab Melo","fab-melo-1"
"1386","Deanthony Melton","deanthony-melton-1"
"1387","Pops Mensah","pops-mensah-bonsu-1"
"1388","Ron Mercer","ron-mercer-1"
"1389","Chimezie Metu","chimezie-metu-1"
"1390","Loren Meyer","loren-meyer-1"
"1391","Jordan Mickey","jordan-mickey-1"
"1392","Khris Middleton","khris-middleton-1"
"1393","Chris Mihm","chris-mihm-1"
"1394","Eric Mika","eric-mika-1"
"1395","Aaron Miles","aaron-miles-1"
"1396","Cj Miles","cj-miles-1"
"1397","Darius Miles","darius-miles-1"
"1398","Marko Milič","marko-milič-1"
"1399","Darko Miličić","darko-miličić-1"
"1400","Andre Miller","andre-miller-2"
"1401","Anthony Miller","anthony-miller-1"
"1402","Brad Miller","brad-miller-1"
"1403","Darius Miller","darius-miller-1"
"1404","Malcolm Miller","malcolm-miller-1"
"1405","Mike Miller","mike-miller-1"
"1406","Oliver Miller","oliver-miller-1"
"1407","Quincy Miller","quincy-miller-1"
"1408","Reggie Miller","reggie-miller-1"
"1409","Chris Mills","chris-mills-1"
"1410","Patty Mills","patty-mills-2"
"1411","Terry Mills","terry-mills-1"
"1412","Elijah Millsap","elijah-millsap-1"
"1413","Paul Millsap","paul-millsap-1"
"1414","Shake Milton","shake-milton-1"
"1415","Harold Miner","harold-miner-1"
"1416","Yao Ming","yao-ming-1"
"1417","Greg Minor","greg-minor-1"
"1418","Nikola Mirotić","nikola-mirotić-1"
"1419","Jason Miskiri","jason-miskiri-1"
"1420","Donovan Mitchell","donovan-mitchell-1"
"1421","Sam Mitchell","sam-mitchell-1"
"1422","Tony Mitchell","tony-mitchell-3"
"1423","Tony Mitchell","tony-mitchell-2"
"1424","Naz Mitrou","naz-mitrou-long-1"
"1425","Cuttino Mobley","cuttino-mobley-1"
"1426","Eric Mobley","eric-mobley-1"
"1427","Nazr Mohammed","nazr-mohammed-1"
"1428","Jérôme Moÿso","jérôme-moÿso-1"
"1429","Adam Mokoka","adam-mokoka-1"
"1430","Sergei Monia","sergei-monia-1"
"1431","Malik Monk","malik-monk-1"
"1432","Greg Monroe","greg-monroe-1"
"1433","Luis Montero","luis-montero-1"
"1434","Eric Montross","eric-montross-1"
"1435","Jamario Moon","jamario-moon-1"
"1436","Matt Mooney","matt-mooney-1"
"1437","Ben Moore","ben-moore-1"
"1438","Etwaun Moore","etwaun-moore-1"
"1439","Mikki Moore","mikki-moore-1"
"1440","Tracy Moore","tracy-moore-1"
"1441","Ja Morant","ja-morant-1"
"1442","Eric Moreland","eric-moreland-1"
"1443","Juwan Morgan","juwan-morgan-1"
"1444","Chris Morris","chris-morris-1"
"1445","Darius Morris","darius-morris-1"
"1446","Jaylen Morris","jaylen-morris-1"
"1447","Marcus Morris","marcus-morris-3"
"1448","Markieff Morris","markieff-morris-2"
"1449","Monte Morris","monte-morris-1"
"1450","Randolph Morris","randolph-morris-1"
"1451","Terence Morris","terence-morris-1"
"1452","Adam Morrison","adam-morrison-1"
"1453","Anthony Morrow","anthony-morrow-1"
"1454","Lawrence Moten","lawrence-moten-1"
"1455","Donatas Motiejūnas","donatas-motiejūnas-1"
"1456","Johnathan Motley","johnathan-motley-1"
"1457","Hanno Möttölä","hanno-möttölä-1"
"1458","Arnett Moultrie","arnett-moultrie-1"
"1459","Alonzo Mourning","alonzo-mourning-1"
"1460","Timofey Mozgov","timofey-mozgov-1"
"1461","Emmanuel Mudiay","emmanuel-mudiay-1"
"1462","Shabazz Muhammad","shabazz-muhammad-1"
"1463","Mychal Mulder","mychal-mulder-1"
"1464","Byron Mullens","byron-mullens-1"
"1465","Chris Mullin","chris-mullin-1"
"1466","Todd Mundt","todd-mundt-1"
"1467","Xavier Munford","xavier-munford-2"
"1468","Eric Murdock","eric-murdock-1"
"1469","Gheorghe Mureșan","gheorghe-mureșan-1"
"1470","Erik Murphy","erik-murphy-1"
"1471","Kevin Murphy","kevin-murphy-1"
"1472","Troy Murphy","troy-murphy-1"
"1473","Dejounte Murray","dejounte-murray-1"
"1474","Jamal Murray","jamal-murray-1"
"1475","Lamond Murray","lamond-murray-1"
"1476","Ronald Murray","ronald-murray-1"
"1477","Tracy Murray","tracy-murray-1"
"1478","Toure Murry","toure-murry-1"
"1479","Džanan Musa","džanan-musa-1"
"1480","Mike Muscala","mike-muscala-1"
"1481","Dikembe Mutombo","dikembe-mutombo-1"
"1482","Martin Müürsepp","martin-müürsepp-1"
"1483","Pete Myers","pete-myers-1"
"1484","Sviatoslav Mykhailiuk","sviatoslav-mykhailiuk-1"
"1485","Hamady Ndiaye","hamady-ndiaye-1"
"1486","Makhtar Ndiaye","makhtar-ndiaye-1"
"1487","Mamadou Ndiaye","mamadou-ndiaye-2"
"1488","Boniface Ndong","boniface-ndong-1"
"1489","Boštjan Nachbar","boštjan-nachbar-1"
"1490","Abdel Nader","abdel-nader-1"
"1491","Lee Nailon","lee-nailon-1"
"1492","Eduardo Nájera","eduardo-nájera-1"
"1493","Larry Nance","larry-nance-2"
"1494","Shabazz Napier","shabazz-napier-1"
"1495","Steve Nash","steve-nash-1"
"1496","Howard Nathan","howard-nathan-1"
"1497","Juan Carlos","juan-carlos-navarro-1"
"1498","Maurice Ndour","maurice-ndour-1"
"1499","Gary Neal","gary-neal-1"
"1500","Nemanja Nedović","nemanja-nedović-1"
"1501","Demarcus Nelson","demarcus-nelson-1"
"1502","Jameer Nelson","jameer-nelson-1"
"1503","Ruben Nembhard","ruben-nembhard-1"
"1504","Tyrone Nesby","tyrone-nesby-1"
"1505","Rasho Nesterović","rasho-nesterović-1"
"1506","Raul Neto","raul-neto-1"
"1507","Ivano Newbill","ivano-newbill-1"
"1508","Ira Newble","ira-newble-1"
"1509","Johnny Newman","johnny-newman-1"
"1510","Malik Newman","malik-newman-1"
"1511","Georges Niang","georges-niang-1"
"1512","Demetris Nichols","demetris-nichols-1"
"1513","Andrew Nicholson","andrew-nicholson-1"
"1514","Gaylon Nickerson","gaylon-nickerson-1"
"1515","Joakim Noah","joakim-noah-1"
"1516","Andrés Nocioni","andrés-nocioni-1"
"1517","David Noel","david-noel-1"
"1518","Nerlens Noel","nerlens-noel-1"
"1519","Lucas Nogueira","lucas-nogueira-1"
"1520","Jeff Nordgaard","jeff-nordgaard-1"
"1521","Ken Norman","ken-norman-1"
"1522","Moochie Norris","moochie-norris-1"
"1523","Zach Norvell","zach-norvell-1"
"1524","Steve Novak","steve-novak-1"
"1525","Jaylen Nowell","jaylen-nowell-1"
"1526","Dirk Nowitzki","dirk-nowitzki-1"
"1527","Frank Ntilikina","frank-ntilikina-1"
"1528","Kendrick Nunn","kendrick-nunn-1"
"1529","James Nunnally","james-nunnally-1"
"1530","Jusuf Nurkić","jusuf-nurkić-1"
"1531","David Nwaba","david-nwaba-1"
"1532","Charles Obannon","charles-obannon-1"
"1533","Ed Obannon","ed-obannon-1"
"1534","Jj Obrien","jj-obrien-1"
"1535","Johnny Obryant","johnny-obryant-1"
"1536","Patrick Obryant","patrick-obryant-1"
"1537","Jermaine Oneal","jermaine-oneal-1"
"1538","Shaquille Oneal","shaquille-oneal-1"
"1539","Royce Oneale","royce-oneale-1"
"1540","Kyle Oquinn","kyle-oquinn-1"
"1541","Dan Osullivan","dan-osullivan-1"
"1542","Charles Oakley","charles-oakley-1"
"1543","Fabricio Oberto","fabricio-oberto-1"
"1544","Daniel Ochefu","daniel-ochefu-1"
"1545","Greg Oden","greg-oden-1"
"1546","Lamar Odom","lamar-odom-1"
"1547","Tim Ohlbrecht","tim-ohlbrecht-1"
"1548","Semi Ojeleye","semi-ojeleye-1"
"1549","Emeka Okafor","emeka-okafor-1"
"1550","Jahlil Okafor","jahlil-okafor-1"
"1551","Elie Okobo","elie-okobo-1"
"1552","Josh Okogie","josh-okogie-1"
"1553","Kz Okpala","kz-okpala-1"
"1554","Mehmet Okur","mehmet-okur-1"
"1555","Victor Oladipo","victor-oladipo-1"
"1556","Hakeem Olajuwon","hakeem-olajuwon-1"
"1557","Brian Oliver","brian-oliver-1"
"1558","Dean Oliver","dean-oliver-1"
"1559","Jimmy Oliver","jimmy-oliver-1"
"1560","Kevin Ollie","kevin-ollie-1"
"1561","Michael Olowokandi","michael-olowokandi-1"
"1562","Kelly Olynyk","kelly-olynyk-1"
"1563","Miye Oni","miye-oni-1"
"1564","Arinze Onuaku","arinze-onuaku-1"
"1565","Chinanu Onuaku","chinanu-onuaku-1"
"1566","Daniel Orton","daniel-orton-1"
"1567","Cedi Osman","cedi-osman-1"
"1568","Greg Ostertag","greg-ostertag-1"
"1569","Kelly Oubre","kelly-oubre-1"
"1570","Bo Outlaw","bo-outlaw-1"
"1571","Travis Outlaw","travis-outlaw-1"
"1572","Doug Overton","doug-overton-1"
"1573","Andre Owens","andre-owens-1"
"1574","Billy Owens","billy-owens-1"
"1575","Chris Owens","chris-owens-1"
"1576","Larry Owens","larry-owens-1"
"1577","Tariq Owens","tariq-owens-1"
"1578","Ray Owes","ray-owes-1"
"1579","Olumide Oyedeji","olumide-oyedeji-1"
"1580","Zaza Pachulia","zaza-pachulia-1"
"1581","Robert Pack","robert-pack-1"
"1582","Scott Padgett","scott-padgett-1"
"1583","Marcus Paige","marcus-paige-1"
"1584","Milt Palacio","milt-palacio-1"
"1585","Andy Panko","andy-panko-1"
"1586","Georgios Papagiannis","georgios-papagiannis-1"
"1587","Kostas Papanikolaou","kostas-papanikolaou-1"
"1588","Jannero Pargo","jannero-pargo-1"
"1589","Jeremy Pargo","jeremy-pargo-1"
"1590","Robert Parish","robert-parish-1"
"1591","Anthony Parker","anthony-parker-1"
"1592","Jabari Parker","jabari-parker-1"
"1593","Smush Parker","smush-parker-1"
"1594","Tony Parker","tony-parker-1"
"1595","Cherokee Parks","cherokee-parks-2"
"1596","Chandler Parsons","chandler-parsons-1"
"1597","Eric Paschall","eric-paschall-1"
"1598","Anžejs Pasečşiks","anžejs-pasečşiks-1"
"1599","Andrae Patterson","andrae-patterson-1"
"1600","Lamar Patterson","lamar-patterson-1"
"1601","Patrick Patterson","patrick-patterson-1"
"1602","Ruben Patterson","ruben-patterson-1"
"1603","Justin Patton","justin-patton-1"
"1604","Brandon Paul","brandon-paul-1"
"1605","Chris Paul","chris-paul-1"
"1606","Sasha Pavlović","sasha-pavlović-1"
"1607","Adreian Payne","adreian-payne-1"
"1608","Cameron Payne","cameron-payne-1"
"1609","Elfrid Payton","elfrid-payton-1"
"1610","Gary Payton","gary-payton-1"
"1611","Gary Payton","gary-payton-2"
"1612","Oleksiy Pecherov","oleksiy-pecherov-1"
"1613","Anthony Peeler","anthony-peeler-1"
"1614","Nikola Peković","nikola-peković-1"
"1615","Norvel Pelle","norvel-pelle-1"
"1616","Mike Penberthy","mike-penberthy-1"
"1617","Desmond Penigar","desmond-penigar-1"
"1618","Kirk Penney","kirk-penney-1"
"1619","Mike Peplowski","mike-peplowski-1"
"1620","Will Perdue","will-perdue-1"
"1621","Kendrick Perkins","kendrick-perkins-1"
"1622","Sam Perkins","sam-perkins-1"
"1623","Kosta Perović","kosta-perović-1"
"1624","London Perrantes","london-perrantes-1"
"1625","Elliot Perry","elliot-perry-1"
"1626","Tim Perry","tim-perry-1"
"1627","Chuck Person","chuck-person-1"
"1628","Wesley Person","wesley-person-1"
"1629","Alec Peters","alec-peters-1"
"1630","Morris Peterson","morris-peterson-1"
"1631","Johan Petro","johan-petro-1"
"1632","Bobby Phills","bobby-phills-1"
"1633","Eric Piatkowski","eric-piatkowski-1"
"1634","Paul Pierce","paul-pierce-1"
"1635","Ricky Pierce","ricky-pierce-1"
"1636","Mickaël Piétrus","mickaël-piétrus-1"
"1637","Ed Pinckney","ed-pinckney-1"
"1638","Kevinn Pinkney","kevinn-pinkney-1"
"1639","Theo Pinson","theo-pinson-1"
"1640","Scottie Pippen","scottie-pippen-1"
"1641","Dexter Pittman","dexter-pittman-1"
"1642","Zoran Planinić","zoran-planinić-1"
"1643","Tibor Pleiß","tibor-pleiß-1"
"1644","Marshall Plumlee","marshall-plumlee-2"
"1645","Mason Plumlee","mason-plumlee-1"
"1646","Miles Plumlee","miles-plumlee-1"
"1647","Pavel Podkolzin","pavel-podkolzin-1"
"1648","Jakob Poeltl","jakob-poeltl-1"
"1649","Vincent Poirier","vincent-poirier-1"
"1650","Scot Pollard","scot-pollard-1"
"1651","Olden Polynice","olden-polynice-1"
"1652","Quincy Pondexter","quincy-pondexter-1"
"1653","Shamorie Ponds","shamorie-ponds-1"
"1654","Jordan Poole","jordan-poole-1"
"1655","Mark Pope","mark-pope-1"
"1656","Chris Porter","chris-porter-1"
"1657","Kevin Porter","kevin-porter-2"
"1658","Michael Porter","michael-porter-1"
"1659","Otto Porter","otto-porter-1"
"1660","Terry Porter","terry-porter-1"
"1661","Bobby Portis","bobby-portis-1"
"1662","Kristaps Porzişģis","kristaps-porzişģis-1"
"1663","James Posey","james-posey-1"
"1664","Lavor Postell","lavor-postell-1"
"1665","Vitaly Potapenko","vitaly-potapenko-1"
"1666","Leon Powe","leon-powe-1"
"1667","Dwight Powell","dwight-powell-1"
"1668","Josh Powell","josh-powell-1"
"1669","Kasib Powell","kasib-powell-1"
"1670","Norman Powell","norman-powell-1"
"1671","Roger Powell","roger-powell-1"
"1672","Alex Poythress","alex-poythress-1"
"1673","Phil Pressey","phil-pressey-1"
"1674","Aj Price","aj-price-1"
"1675","Brent Price","brent-price-1"
"1676","Mark Price","mark-price-1"
"1677","Ronnie Price","ronnie-price-1"
"1678","Pablo Prigioni","pablo-prigioni-1"
"1679","Taurean Prince","taurean-prince-2"
"1680","Tayshaun Prince","tayshaun-prince-1"
"1681","Kevin Pritchard","kevin-pritchard-1"
"1682","Laron Profit","laron-profit-1"
"1683","Gabe Pruitt","gabe-pruitt-1"
"1684","Joel Przybilla","joel-przybilla-1"
"1685","Jacob Pullen","jacob-pullen-1"
"1686","Rodney Purvis","rodney-purvis-1"
"1687","Zhou Qi","zhou-qi-1"
"1688","Tim Quarterman","tim-quarterman-1"
"1689","Chris Quinn","chris-quinn-1"
"1690","Ivan Rabb","ivan-rabb-1"
"1691","Dino Radja","dino-radja-1"
"1692","Vladimir Radmanović","vladimir-radmanović-1"
"1693","Aleksandar Radojević","aleksandar-radojević-1"
"1694","Miroslav Raduljica","miroslav-raduljica-1"
"1695","Igor Rakočević","igor-rakočević-1"
"1696","Peter John","peter-john-ramos-1"
"1697","Chasson Randle","chasson-randle-1"
"1698","Julius Randle","julius-randle-1"
"1699","Anthony Randolph","anthony-randolph-1"
"1700","Shavlik Randolph","shavlik-randolph-1"
"1701","Zach Randolph","zach-randolph-1"
"1702","Xavier Rathan","xavier-rathan-mayes-1"
"1703","Theo Ratliff","theo-ratliff-1"
"1704","Andy Rautins","andy-rautins-1"
"1705","Allan Ray","allan-ray-1"
"1706","Josh Reaves","josh-reaves-1"
"1707","Eldridge Recasner","eldridge-recasner-1"
"1708","Michael Redd","michael-redd-1"
"1709","Cam Reddish","cam-reddish-1"
"1710","Jj Redick","jj-redick-1"
"1711","Davon Reed","davon-reed-1"
"1712","Justin Reed","justin-reed-1"
"1713","Willie Reed","willie-reed-2"
"1714","Bryant Reeves","bryant-reeves-1"
"1715","Khalid Reeves","khalid-reeves-1"
"1716","Don Reid","don-reid-1"
"1717","Jr Reid","jr-reid-1"
"1718","Naz Reid","naz-reid-1"
"1719","Ryan Reid","ryan-reid-1"
"1720","Jared Reiner","jared-reiner-1"
"1721","Terrence Rencher","terrence-rencher-1"
"1722","Efthimi Rentzias","efthimi-rentzias-1"
"1723","Shawn Respert","shawn-respert-1"
"1724","Cameron Reynolds","cameron-reynolds-1"
"1725","Jerry Reynolds","jerry-reynolds-1"
"1726","Rodrick Rhodes","rodrick-rhodes-1"
"1727","Glen Rice","glen-rice-1"
"1728","Glen Rice","glen-rice-2"
"1729","Chris Richard","chris-richard-1"
"1730","Jason Richardson","jason-richardson-1"
"1731","Jeremy Richardson","jeremy-richardson-1"
"1732","Josh Richardson","josh-richardson-1"
"1733","Malachi Richardson","malachi-richardson-1"
"1734","Norm Richardson","norm-richardson-1"
"1735","Pooh Richardson","pooh-richardson-1"
"1736","Quentin Richardson","quentin-richardson-1"
"1737","Mitch Richmond","mitch-richmond-1"
"1738","Isaiah Rider","isaiah-rider-1"
"1739","Luke Ridnour","luke-ridnour-1"
"1740","Antoine Rigaudeau","antoine-rigaudeau-1"
"1741","Eric Riley","eric-riley-1"
"1742","Austin Rivers","austin-rivers-1"
"1743","Doc Rivers","doc-rivers-1"
"1744","Andre Roberson","andre-roberson-3"
"1745","Anthony Roberson","anthony-roberson-2"
"1746","Terrance Roberson","terrance-roberson-1"
"1747","Brian Roberts","brian-roberts-1"
"1748","Fred Roberts","fred-roberts-1"
"1749","Lawrence Roberts","lawrence-roberts-1"
"1750","Stanley Roberts","stanley-roberts-1"
"1751","Alvin Robertson","alvin-robertson-1"
"1752","Ryan Robertson","ryan-robertson-1"
"1753","Bernard Robinson","bernard-robinson-1"
"1754","Chris Robinson","chris-robinson-1"
"1755","Clifford Robinson","clifford-robinson-2"
"1756","David Robinson","david-robinson-1"
"1757","Devin Robinson","devin-robinson-1"
"1758","Duncan Robinson","duncan-robinson-1"
"1759","Eddie Robinson","eddie-robinson-1"
"1760","Glenn Robinson","glenn-robinson-1"
"1761","Glenn Robinson","glenn-robinson-2"
"1762","Jamal Robinson","jamal-robinson-3"
"1763","James Robinson","james-robinson-2"
"1764","Jerome Robinson","jerome-robinson-2"
"1765","Justin Robinson","justin-robinson-3"
"1766","Larry Robinson","larry-robinson-1"
"1767","Mitchell Robinson","mitchell-robinson-1"
"1768","Nate Robinson","nate-robinson-1"
"1769","Rumeal Robinson","rumeal-robinson-1"
"1770","Thomas Robinson","thomas-robinson-1"
"1771","Isaiah Roby","isaiah-roby-1"
"1772","Dennis Rodman","dennis-rodman-1"
"1773","Sergio Rodríguez","sergio-rodríguez-1"
"1774","Lou Roe","lou-roe-1"
"1775","Carlos Rogers","carlos-rogers-1"
"1776","Rodney Rogers","rodney-rogers-1"
"1777","Roy Rogers","roy-rogers-2"
"1778","Rajon Rondo","rajon-rondo-1"
"1779","Sean Rooks","sean-rooks-1"
"1780","Derrick Rose","derrick-rose-1"
"1781","Jalen Rose","jalen-rose-1"
"1782","Malik Rose","malik-rose-1"
"1783","Quinton Ross","quinton-ross-1"
"1784","Terrence Ross","terrence-ross-1"
"1785","Brandon Roy","brandon-roy-1"
"1786","Donald Royal","donald-royal-1"
"1787","Clifford Rozier","clifford-rozier-1"
"1788","Terry Rozier","terry-rozier-1"
"1789","Ricky Rubio","ricky-rubio-1"
"1790","Guy Rucker","guy-rucker-1"
"1791","Damjan Rudež","damjan-rudež-1"
"1792","Michael Ruffin","michael-ruffin-1"
"1793","Trevor Ruffin","trevor-ruffin-1"
"1794","Stefano Rusconi","stefano-rusconi-1"
"1795","Brandon Rush","brandon-rush-1"
"1796","Kareem Rush","kareem-rush-1"
"1797","Bryon Russell","bryon-russell-1"
"1798","Dangelo Russell","dangelo-russell-1"
"1799","Walker Russell","walker-russell-2"
"1800","Arvydas Sabonis","arvydas-sabonis-1"
"1801","Domantas Sabonis","domantas-sabonis-1"
"1802","Robert Sacre","robert-sacre-1"
"1803","John Salley","john-salley-1"
"1804","John Salmons","john-salmons-1"
"1805","Kevin Salvadori","kevin-salvadori-1"
"1806","Soumaila Samake","soumaila-samake-1"
"1807","Luka Šamanić","luka-Šamanić-1"
"1808","Cheikh Samb","cheikh-samb-1"
"1809","Brandon Sampson","brandon-sampson-1"
"1810","Jakarr Sampson","jakarr-sampson-2"
"1811","Jamal Sampson","jamal-sampson-1"
"1812","Samardo Samuels","samardo-samuels-1"
"1813","Pepe Sánchez","pepe-sánchez-1"
"1814","Larry Sanders","larry-sanders-1"
"1815","Melvin Sanders","melvin-sanders-1"
"1816","Daniel Santiago","daniel-santiago-1"
"1817","Dario Šarić","dario-Šarić-1"
"1818","Jason Sasser","jason-sasser-1"
"1819","Jeryl Sasser","jeryl-sasser-1"
"1820","Kenny Satterfield","kenny-satterfield-1"
"1821","Predrag Savović","predrag-savović-1"
"1822","Brian Scalabrine","brian-scalabrine-1"
"1823","Alex Scales","alex-scales-1"
"1824","Danny Schayes","danny-schayes-1"
"1825","Steve Scheffler","steve-scheffler-1"
"1826","Luke Schenscher","luke-schenscher-1"
"1827","Dwayne Schintzius","dwayne-schintzius-1"
"1828","Admiral Schofield","admiral-schofield-1"
"1829","Detlef Schrempf","detlef-schrempf-1"
"1830","Dennis Schröder","dennis-schröder-1"
"1831","Luis Scola","luis-scola-1"
"1832","Brent Scott","brent-scott-1"
"1833","Byron Scott","byron-scott-1"
"1834","Dennis Scott","dennis-scott-1"
"1835","James Scott","james-scott-1"
"1836","Mike Scott","mike-scott-1"
"1837","Shawnelle Scott","shawnelle-scott-1"
"1838","Shea Seals","shea-seals-1"
"1839","Malik Sealy","malik-sealy-1"
"1840","Thabo Sefolosha","thabo-sefolosha-1"
"1841","Rony Seikaly","rony-seikaly-1"
"1842","Josh Selby","josh-selby-1"
"1843","Wayne Selden","wayne-selden-1"
"1844","Mouhamed Sene","mouhamed-sene-1"
"1845","Kevin Séraphin","kevin-séraphin-1"
"1846","Ansu Sesay","ansu-sesay-1"
"1847","Ramon Sessions","ramon-sessions-1"
"1848","Ha Seung","ha-seung-jin-1"
"1849","Collin Sexton","collin-sexton-1"
"1850","Charles Shackleford","charles-shackleford-1"
"1851","Mustafa Shakur","mustafa-shakur-1"
"1852","Landry Shamet","landry-shamet-1"
"1853","God Shammgod","god-shammgod-1"
"1854","Walter Sharpe","walter-sharpe-1"
"1855","Brian Shaw","brian-shaw-1"
"1856","Casey Shaw","casey-shaw-1"
"1857","Marial Shayok","marial-shayok-1"
"1858","Tornike Shengelia","tornike-shengelia-1"
"1859","Jeff Sheppard","jeff-sheppard-1"
"1860","Paul Shirley","paul-shirley-1"
"1861","Iman Shumpert","iman-shumpert-1"
"1862","Alexey Shved","alexey-shved-1"
"1863","Pascal Siakam","pascal-siakam-1"
"1864","Jordan Sibert","jordan-sibert-1"
"1865","Xavier Silas","xavier-silas-1"
"1866","Garret Siler","garret-siler-1"
"1867","Chris Silva","chris-silva-1"
"1868","Wayne Simien","wayne-simien-1"
"1869","Ben Simmons","ben-simmons-1"
"1870","Bobby Simmons","bobby-simmons-1"
"1871","Cedric Simmons","cedric-simmons-1"
"1872","Jonathon Simmons","jonathon-simmons-2"
"1873","Kobi Simmons","kobi-simmons-1"
"1874","Lionel Simmons","lionel-simmons-1"
"1875","Miles Simon","miles-simon-1"
"1876","Anfernee Simons","anfernee-simons-1"
"1877","Dickey Simpkins","dickey-simpkins-1"
"1878","Alvin Sims","alvin-sims-1"
"1879","Courtney Sims","courtney-sims-1"
"1880","Henry Sims","henry-sims-1"
"1881","Kyle Singler","kyle-singler-1"
"1882","Sean Singletary","sean-singletary-1"
"1883","Chris Singleton","chris-singleton-1"
"1884","James Singleton","james-singleton-1"
"1885","Peyton Siva","peyton-siva-1"
"1886","Scott Skiles","scott-skiles-1"
"1887","Brian Skinner","brian-skinner-1"
"1888","Reggie Slater","reggie-slater-1"
"1889","Tamar Slay","tamar-slay-1"
"1890","Donald Sloan","donald-sloan-1"
"1891","Uroš Slokar","uroš-slokar-1"
"1892","Alen Smailagić","alen-smailagić-1"
"1893","Marcus Smart","marcus-smart-1"
"1894","Charles Smith","charles-smith-1"
"1895","Charles Smith","charles-smith-2"
"1896","Charles Smith","charles-smith-4"
"1897","Chris Smith","chris-smith-5"
"1898","Craig Smith","craig-smith-1"
"1899","Dennis Smithjr","dennis-smithjr-1"
"1900","Donta Smith","donta-smith-4"
"1901","Doug Smith","doug-smith-3"
"1902","Greg Smith","greg-smith-2"
"1903","Ish Smith","ish-smith-1"
"1904","Jr Smith","jr-smith-1"
"1905","Jabari Smith","jabari-smith-1"
"1906","Jason Smith","jason-smith-2"
"1907","Jerry Smith","jerry-smith-1"
"1908","Joe Smith","joe-smith-2"
"1909","Josh Smith","josh-smith-3"
"1910","Kenny Smith","kenny-smith-1"
"1911","Leon Smith","leon-smith-1"
"1912","Michael Smith","michael-smith-2"
"1913","Mike Smith","mike-smith-3"
"1914","Nolan Smith","nolan-smith-1"
"1915","Russ Smith","russ-smith-1"
"1916","Steve Smith","steve-smith-1"
"1917","Steven Smith","steven-smith-3"
"1918","Stevin Smith","stevin-smith-2"
"1919","Theron Smith","theron-smith-1"
"1920","Tony Smith","tony-smith-2"
"1921","Zhaire Smith","zhaire-smith-1"
"1922","Rik Smits","rik-smits-1"
"1923","Tony Snell","tony-snell-1"
"1924","Eric Snow","eric-snow-1"
"1925","Kirk Snyder","kirk-snyder-1"
"1926","Will Solomon","will-solomon-1"
"1927","Darius Songaila","darius-songaila-1"
"1928","James Southerland","james-southerland-1"
"1929","Pape Sow","pape-sow-1"
"1930","Ray Spalding","ray-spalding-1"
"1931","Vassilis Spanoulis","vassilis-spanoulis-1"
"1932","Marreese Speights","marreese-speights-1"
"1933","Omari Spellman","omari-spellman-1"
"1934","Elmore Spencer","elmore-spencer-1"
"1935","Felton Spencer","felton-spencer-1"
"1936","Tiago Splitter","tiago-splitter-1"
"1937","Latrell Sprewell","latrell-sprewell-1"
"1938","Ryan Stack","ryan-stack-1"
"1939","Jerry Stackhouse","jerry-stackhouse-1"
"1940","John Starks","john-starks-1"
"1941","Nik Stauskas","nik-stauskas-1"
"1942","Matt Steigenga","matt-steigenga-1"
"1943","Vladimir Stepania","vladimir-stepania-1"
"1944","Dj Stephens","dj-stephens-1"
"1945","Joe Stephens","joe-stephens-1"
"1946","Lance Stephenson","lance-stephenson-1"
"1947","Alex Stepheson","alex-stepheson-1"
"1948","Deshawn Stevenson","deshawn-stevenson-1"
"1949","Kebu Stewart","kebu-stewart-1"
"1950","Larry Stewart","larry-stewart-1"
"1951","Michael Stewart","michael-stewart-1"
"1952","Greg Stiemsma","greg-stiemsma-1"
"1953","Bryant Stith","bryant-stith-1"
"1954","David Stockton","david-stockton-1"
"1955","John Stockton","john-stockton-1"
"1956","Peja Stojaković","peja-stojaković-1"
"1957","Ed Stokes","ed-stokes-1"
"1958","Jarnell Stokes","jarnell-stokes-1"
"1959","Diamond Stone","diamond-stone-1"
"1960","Julyan Stone","julyan-stone-1"
"1961","Awvee Storey","awvee-storey-1"
"1962","Damon Stoudamire","damon-stoudamire-1"
"1963","Salim Stoudamire","salim-stoudamire-1"
"1964","Amare Stoudemire","amare-stoudemire-1"
"1965","Dj Strawberry","dj-strawberry-1"
"1966","Erick Strickland","erick-strickland-1"
"1967","Mark Strickland","mark-strickland-1"
"1968","Rod Strickland","rod-strickland-2"
"1969","Derek Strong","derek-strong-1"
"1970","Max Strus","max-strus-1"
"1971","Rodney Stuckey","rodney-stuckey-1"
"1972","Jared Sullinger","jared-sullinger-1"
"1973","Dajuan Summers","dajuan-summers-1"
"1974","Edmond Sumner","edmond-sumner-1"
"1975","Bruno Šundov","bruno-Šundov-1"
"1976","Bob Sura","bob-sura-1"
"1977","Greg Sutton","greg-sutton-1"
"1978","Caleb Swanigan","caleb-swanigan-1"
"1979","Mike Sweetney","mike-sweetney-1"
"1980","Robert Swift","robert-swift-1"
"1981","Stromile Swift","stromile-swift-1"
"1982","Pape Sy","pape-sy-1"
"1983","Larry Sykes","larry-sykes-1"
"1984","Brett Szabo","brett-szabo-1"
"1985","Wally Szczerbiak","wally-szczerbiak-2"
"1986","Yuta Tabuse","yuta-tabuse-1"
"1987","Chris Taft","chris-taft-1"
"1988","Dragan Tarlać","dragan-tarlać-1"
"1989","Jayson Tatum","jayson-tatum-1"
"1990","Edy Tavares","edy-tavares-1"
"1991","Donell Taylor","donell-taylor-1"
"1992","Isaiah Taylor","isaiah-taylor-1"
"1993","Jeffery Taylor","jeffery-taylor-3"
"1994","Jermaine Taylor","jermaine-taylor-2"
"1995","Johnny Taylor","johnny-taylor-1"
"1996","Maurice Taylor","maurice-taylor-1"
"1997","Mike Taylor","mike-taylor-1"
"1998","Tyshawn Taylor","tyshawn-taylor-1"
"1999","Jeff Teague","jeff-teague-1"
"2000","Marquis Teague","marquis-teague-1"
"2001","Mirza Teletović","mirza-teletović-1"
"2002","Sebastian Telfair","sebastian-telfair-1"
"2003","Garrett Temple","garrett-temple-1"
"2004","Miloš Teodosić","miloš-teodosić-1"
"2005","Jared Terrell","jared-terrell-1"
"2006","Emanuel Terry","emanuel-terry-1"
"2007","Jason Terry","jason-terry-1"
"2008","Hasheem Thabeet","hasheem-thabeet-1"
"2009","Daniel Theis","daniel-theis-1"
"2010","Adonis Thomas","adonis-thomas-1"
"2011","Billy Thomas","billy-thomas-1"
"2012","Carl Thomas","carl-thomas-1"
"2013","Etan Thomas","etan-thomas-1"
"2014","Isaiah Thomas","isaiah-thomas-2"
"2015","Jamel Thomas","jamel-thomas-1"
"2016","James Thomas","james-thomas-2"
"2017","John Thomas","john-thomas-2"
"2018","Kenny Thomas","kenny-thomas-1"
"2019","Khyri Thomas","khyri-thomas-1"
"2020","Kurt Thomas","kurt-thomas-1"
"2021","Lance Thomas","lance-thomas-1"
"2022","Malcolm Thomas","malcolm-thomas-1"
"2023","Matt Thomas","matt-thomas-2"
"2024","Tim Thomas","tim-thomas-1"
"2025","Tyrus Thomas","tyrus-thomas-1"
"2026","Trey Thompkins","trey-thompkins-2"
"2027","Brooks Thompson","brooks-thompson-1"
"2028","Dijon Thompson","dijon-thompson-1"
"2029","Hollis Thompson","hollis-thompson-1"
"2030","Jason Thompson","jason-thompson-2"
"2031","Klay Thompson","klay-thompson-1"
"2032","Lasalle Thompson","lasalle-thompson-1"
"2033","Mychel Thompson","mychel-thompson-2"
"2034","Tristan Thompson","tristan-thompson-1"
"2035","Al Thornton","al-thornton-1"
"2036","Bob Thornton","bob-thornton-1"
"2037","Marcus Thornton","marcus-thornton-1"
"2038","Sindarius Thornwell","sindarius-thornwell-1"
"2039","Otis Thorpe","otis-thorpe-1"
"2040","Sedale Threatt","sedale-threatt-1"
"2041","Matisse Thybulle","matisse-thybulle-1"
"2042","Jamaal Tinsley","jamaal-tinsley-1"
"2043","Wayman Tisdale","wayman-tisdale-1"
"2044","Mike Tobey","mike-tobey-1"
"2045","Anthony Tolliver","anthony-tolliver-1"
"2046","Andy Toolson","andy-toolson-1"
"2047","Óscar Torres","Óscar-torres-1"
"2048","Juan Toscano","juan-toscano-anderson-1"
"2049","Axel Toupane","axel-toupane-1"
"2050","Keith Tower","keith-tower-1"
"2051","Karl Anthony","karl-anthony-towns-1"
"2052","Robert Traylor","robert-traylor-1"
"2053","Gary Trent","gary-trent-1"
"2054","Gary Trent","gary-trent-2"
"2055","Jeff Trepagnier","jeff-trepagnier-1"
"2056","Allonzo Trier","allonzo-trier-1"
"2057","Cezary TrybaŖski","cezary-trybaŖski-1"
"2058","Jake Tsakalidis","jake-tsakalidis-1"
"2059","Nikoloz Tskitishvili","nikoloz-tskitishvili-1"
"2060","Alando Tucker","alando-tucker-2"
"2061","Pj Tucker","pj-tucker-1"
"2062","Rayjon Tucker","rayjon-tucker-1"
"2063","Ronny Turiaf","ronny-turiaf-1"
"2064","Mirsad Türkcan","mirsad-türkcan-1"
"2065","Hedo Türkoğlu","hedo-türkoğlu-1"
"2066","Evan Turner","evan-turner-1"
"2067","Jeff Turner","jeff-turner-1"
"2068","Myles Turner","myles-turner-1"
"2069","Wayne Turner","wayne-turner-1"
"2070","Jeremy Tyler","jeremy-tyler-1"
"2071","Edwin Ubiles","edwin-ubiles-1"
"2072","Ekpe Udoh","ekpe-udoh-1"
"2073","Ime Udoka","ime-udoka-1"
"2074","Beno Udrih","beno-udrih-1"
"2075","Roko Ukić","roko-ukić-1"
"2076","Tyler Ulis","tyler-ulis-1"
"2077","Jarrod Uthoff","jarrod-uthoff-1"
"2078","Ben Uzoh","ben-uzoh-1"
"2079","Jonas Valančiūnas","jonas-valančiūnas-1"
"2080","Denzel Valentine","denzel-valentine-1"
"2081","Nick Van","nick-van-exel-1"
"2082","Keith Van","keith-van-horn-1"
"2083","Fred Vanvleet","fred-vanvleet-1"
"2084","Logan Vander","logan-vander-velden-1"
"2085","Jarred Vanderbilt","jarred-vanderbilt-1"
"2086","David Vanterpool","david-vanterpool-1"
"2087","Ratko Varda","ratko-varda-1"
"2088","Anderson Varejão","anderson-varejão-1"
"2089","Jarvis Varnado","jarvis-varnado-1"
"2090","Greivis Vásquez","greivis-vásquez-1"
"2091","David Vaughn","david-vaughn-2"
"2092","Jacque Vaughn","jacque-vaughn-1"
"2093","Rashad Vaughn","rashad-vaughn-1"
"2094","Loy Vaught","loy-vaught-1"
"2095","Charlie Villanueva","charlie-villanueva-1"
"2096","Gabe Vincent","gabe-vincent-1"
"2097","Marcus Vinicius","marcus-vinicius-1"
"2098","Fred Vinson","fred-vinson-1"
"2099","Noah Vonleh","noah-vonleh-1"
"2100","Jake Voskuhl","jake-voskuhl-1"
"2101","Slavko Vraneš","slavko-vraneš-1"
"2102","Stojko Vranković","stojko-vranković-1"
"2103","Jackson Vroman","jackson-vroman-1"
"2104","Nikola Vučević","nikola-vučević-1"
"2105","Sasha Vujačić","sasha-vujačić-1"
"2106","Dean Wade","dean-wade-1"
"2107","Dwyane Wade","dwyane-wade-1"
"2108","Von Wafer","von-wafer-1"
"2109","Dajuan Wagner","dajuan-wagner-2"
"2110","Moritz Wagner","moritz-wagner-1"
"2111","Dion Waiters","dion-waiters-1"
"2112","Antoine Walker","antoine-walker-2"
"2113","Henry Walker","henry-walker-1"
"2114","Kemba Walker","kemba-walker-2"
"2115","Lonnie Walker","lonnie-walker-1"
"2116","Samaki Walker","samaki-walker-1"
"2117","John Wall","john-wall-1"
"2118","Ben Wallace","ben-wallace-1"
"2119","Gerald Wallace","gerald-wallace-1"
"2120","John Wallace","john-wallace-1"
"2121","Rasheed Wallace","rasheed-wallace-1"
"2122","Tyrone Wallace","tyrone-wallace-1"
"2123","Matt Walsh","matt-walsh-1"
"2124","Rex Walters","rex-walters-1"
"2125","Derrick Walton","derrick-walton-1"
"2126","Luke Walton","luke-walton-1"
"2127","Brad Wanamaker","brad-wanamaker-1"
"2128","Charlie Ward","charlie-ward-1"
"2129","Casper Ware","casper-ware-1"
"2130","Jameel Warney","jameel-warney-1"
"2131","Tj Warren","tj-warren-1"
"2132","Willie Warren","willie-warren-1"
"2133","Hakim Warrick","hakim-warrick-1"
"2134","Julian Washburn","julian-washburn-1"
"2135","Darius Washington","darius-washington-1"
"2136","Eric Washington","eric-washington-1"
"2137","Pj Washington","pj-washington-1"
"2138","Yuta Watanabe","yuta-watanabe-1"
"2139","Tremont Waters","tremont-waters-1"
"2140","Darryl Watkins","darryl-watkins-1"
"2141","Cj Watson","cj-watson-1"
"2142","Earl Watson","earl-watson-1"
"2143","Jamie Watson","jamie-watson-1"
"2144","Paul Watson","paul-watson-1"
"2145","Maalik Wayns","maalik-wayns-1"
"2146","David Wear","david-wear-1"
"2147","Travis Wear","travis-wear-1"
"2148","Clarence Weatherspoon","clarence-weatherspoon-1"
"2149","Quinndary Weatherspoon","quinndary-weatherspoon-1"
"2150","Kyle Weaver","kyle-weaver-1"
"2151","James Webb","james-webb-1"
"2152","Spud Webb","spud-webb-1"
"2153","Chris Webber","chris-webber-1"
"2154","Briante Weber","briante-weber-1"
"2155","Jeff Webster","jeff-webster-1"
"2156","Martell Webster","martell-webster-2"
"2157","Sonny Weems","sonny-weems-1"
"2158","Bonzi Wells","bonzi-wells-1"
"2159","Bubba Wells","bubba-wells-1"
"2160","Jiří Welsch","jiří-welsch-1"
"2161","Thomas Welsh","thomas-welsh-1"
"2162","Bill Wennington","bill-wennington-1"
"2163","Robert Werdann","robert-werdann-1"
"2164","David Wesley","david-wesley-1"
"2165","David West","david-west-1"
"2166","Delonte West","delonte-west-1"
"2167","Doug West","doug-west-1"
"2168","Mario West","mario-west-2"
"2169","Mark West","mark-west-1"
"2170","Russell Westbrook","russell-westbrook-1"
"2171","Robert Whaley","robert-whaley-1"
"2172","Ennis Whatley","ennis-whatley-1"
"2173","Dejuan Wheat","dejuan-wheat-1"
"2174","Tyson Wheeler","tyson-wheeler-1"
"2175","Andrew White","andrew-white-1"
"2176","Coby White","coby-white-1"
"2177","Dj White","dj-white-1"
"2178","Derrick White","derrick-white-1"
"2179","Jahidi White","jahidi-white-1"
"2180","James White","james-white-2"
"2181","Okaro White","okaro-white-1"
"2182","Rodney White","rodney-white-1"
"2183","Royce White","royce-white-3"
"2184","Isaiah Whitehead","isaiah-whitehead-1"
"2185","Donald Whiteside","donald-whiteside-1"
"2186","Hassan Whiteside","hassan-whiteside-1"
"2187","Dwayne Whitfield","dwayne-whitfield-1"
"2188","Chris Whitney","chris-whitney-1"
"2189","Shayne Whittington","shayne-whittington-1"
"2190","Andrew Wiggins","andrew-wiggins-1"
"2191","Cj Wilcox","cj-wilcox-1"
"2192","Chris Wilcox","chris-wilcox-1"
"2193","Jacob Wiley","jacob-wiley-1"
"2194","Damien Wilkins","damien-wilkins-2"
"2195","Dominique Wilkins","dominique-wilkins-1"
"2196","Gerald Wilkins","gerald-wilkins-1"
"2197","Mike Wilks","mike-wilks-1"
"2198","Aaron Williams","aaron-williams-1"
"2199","Alan Williams","alan-williams-3"
"2200","Alvin Williams","alvin-williams-2"
"2201","Brandon Williams","brandon-williams-1"
"2202","Buck Williams","buck-williams-1"
"2203","Cj Williams","cj-williams-1"
"2204","Deron Williams","deron-williams-1"
"2205","Derrick Williams","derrick-williams-2"
"2206","Elliot Williams","elliot-williams-1"
"2207","Eric Williams","eric-williams-1"
"2208","Frank Williams","frank-williams-2"
"2209","Grant Williams","grant-williams-1"
"2210","Herb Williams","herb-williams-1"
"2211","Hot Rod","hot-rod-williams-1"
"2212","Jason Williams","jason-williams-2"
"2213","Jawad Williams","jawad-williams-4"
"2214","Jay Williams","jay-williams-3"
"2215","Jayson Williams","jayson-williams-1"
"2216","Jerome Williams","jerome-williams-1"
"2217","Johnathan Williams","johnathan-williams-4"
"2218","Jordan Williams","jordan-williams-3"
"2219","Justin Williams","justin-williams-1"
"2220","Kenrich Williams","kenrich-williams-4"
"2221","Lorenzo Williams","lorenzo-williams-1"
"2222","Lou Williams","lou-williams-2"
"2223","Marcus Williams","marcus-williams-3"
"2224","Marcus Williams","marcus-williams-4"
"2225","Marvin Williams","marvin-williams-2"
"2226","Matt Williams","matt-williams-5"
"2227","Micheal Williams","micheal-williams-2"
"2228","Mo Williams","mo-williams-1"
"2229","Monty Williams","monty-williams-1"
"2230","Reggie Williams","reggie-williams-1"
"2231","Reggie Williams","reggie-williams-2"
"2232","Robert Williams","robert-williams-3"
"2233","Scott Williams","scott-williams-1"
"2234","Sean Williams","sean-williams-1"
"2235","Shammond Williams","shammond-williams-1"
"2236","Shawne Williams","shawne-williams-3"
"2237","Shelden Williams","shelden-williams-2"
"2238","Terrence Williams","terrence-williams-1"
"2239","Travis Williams","travis-williams-1"
"2240","Troy Williams","troy-williams-2"
"2241","Walt Williams","walt-williams-2"
"2242","Nigel Williams","nigel-williams-goss-1"
"2243","Corliss Williamson","corliss-williamson-2"
"2244","Zion Williamson","zion-williamson-1"
"2245","Kevin Willis","kevin-willis-2"
"2246","Dedric Willoughby","dedric-willoughby-1"
"2247","Dj Wilson","dj-wilson-1"
"2248","Jamil Wilson","jamil-wilson-2"
"2249","Trevor Wilson","trevor-wilson-1"
"2250","Kyle Wiltjer","kyle-wiltjer-1"
"2251","David Wingate","david-wingate-1"
"2252","Dontonio Wingfield","dontonio-wingfield-1"
"2253","Justise Winslow","justise-winslow-1"
"2254","Trevor Winter","trevor-winter-1"
"2255","Jeff Withey","jeff-withey-1"
"2256","Joe Wolf","joe-wolf-1"
"2257","Rubén Wolkowyski","rubén-wolkowyski-1"
"2258","Nate Wolters","nate-wolters-1"
"2259","Christian Wood","christian-wood-1"
"2260","David Wood","david-wood-1"
"2261","Loren Woods","loren-woods-1"
"2262","Qyntel Woods","qyntel-woods-1"
"2263","Randy Woods","randy-woods-1"
"2264","Haywoode Workman","haywoode-workman-1"
"2265","Metta World","metta-world-peace-1"
"2266","Antoine Wright","antoine-wright-1"
"2267","Bracey Wright","bracey-wright-2"
"2268","Brandan Wright","brandan-wright-3"
"2269","Chris Wright","chris-wright-1"
"2270","Chris Wright","chris-wright-2"
"2271","Delon Wright","delon-wright-1"
"2272","Dorell Wright","dorell-wright-1"
"2273","Julian Wright","julian-wright-1"
"2274","Lorenzen Wright","lorenzen-wright-2"
"2275","Sharone Wright","sharone-wright-1"
"2276","Justin Wright","justin-wright-foreman-2"
"2277","Tony Wroten","tony-wroten-1"
"2278","Guerschon Yabusele","guerschon-yabusele-1"
"2279","Vincent Yarbrough","vincent-yarbrough-1"
"2280","James Young","james-young-1"
"2281","Joe Young","joe-young-1"
"2282","Korleone Young","korleone-young-1"
"2283","Nick Young","nick-young-1"
"2284","Sam Young","sam-young-1"
"2285","Thaddeus Young","thaddeus-young-1"
"2286","Tim Young","tim-young-1"
"2287","Trae Young","trae-young-1"
"2288","Sun Yue","sun-yue-1"
"2289","Cody Zeller","cody-zeller-1"
"2290","Luke Zeller","luke-zeller-1"
"2291","Tyler Zeller","tyler-zeller-1"
"2292","Wang Zhizhi","wang-zhizhi-1"
"2293","George Zídek","george-zídek-1"
"2294","Derrick Zimmerman","derrick-zimmerman-1"
"2295","Stephen Zimmerman","stephen-zimmerman-1"
"2296","Paul Zipser","paul-zipser-1"
"2297","Ivica Zubac","ivica-zubac-1"
